"p","K","nu","delta","sparse","alpha","criterion","independent","detector","combine","ARL","CAD","PFA","power"
0,2,10,0,FALSE,1e-04,"ARL",TRUE,"oracle","joint",Inf,NA,0,0
0,2,10,0,FALSE,1e-04,"ARL",TRUE,"misspec","joint",Inf,1346,0,0.06
0,2,10,0,FALSE,1e-04,"ARL",TRUE,"bounded","average",Inf,1978.94339622642,0,0.176666666666667
0,2,10,0,FALSE,1e-04,"ARL",TRUE,"bounded","product",Inf,1699.7,0,0.2
1,2,10,0,FALSE,1e-04,"ARL",TRUE,"oracle","joint",Inf,NA,0,0
1,2,10,0,FALSE,1e-04,"ARL",TRUE,"misspec","joint",Inf,1670.33333333333,0,0.11
1,2,10,0,FALSE,1e-04,"ARL",TRUE,"bounded","average",485.613333333333,475.613333333333,0,1
1,2,10,0,FALSE,1e-04,"ARL",TRUE,"bounded","product",350.59,340.59,0,1
0,10,10,0,FALSE,1e-04,"ARL",TRUE,"oracle","joint",Inf,NA,0,0
0,10,10,0,FALSE,1e-04,"ARL",TRUE,"misspec","joint",Inf,1939.28571428571,0,0.0233333333333333
0,10,10,0,FALSE,1e-04,"ARL",TRUE,"bounded","average",Inf,2366.3,0,0.0666666666666667
0,10,10,0,FALSE,1e-04,"ARL",TRUE,"bounded","product",Inf,1430.88235294118,0,0.17
1,10,10,0,FALSE,1e-04,"ARL",TRUE,"oracle","joint",Inf,NA,0,0
1,10,10,0,FALSE,1e-04,"ARL",TRUE,"misspec","joint",Inf,1472.26086956522,0.973333333333333,0.0766666666666667
1,10,10,0,FALSE,1e-04,"ARL",TRUE,"bounded","average",426.89,416.89,0,1
1,10,10,0,FALSE,1e-04,"ARL",TRUE,"bounded","product",96.5233333333333,86.5233333333333,0,1
0,2,1000,0,FALSE,1e-04,"ARL",TRUE,"oracle","joint",Inf,NA,0,0
0,2,1000,0,FALSE,1e-04,"ARL",TRUE,"misspec","joint",Inf,960.529411764706,0.03,0.0566666666666667
0,2,1000,0,FALSE,1e-04,"ARL",TRUE,"bounded","average",Inf,1101.17777777778,0.01,0.15
0,2,1000,0,FALSE,1e-04,"ARL",TRUE,"bounded","product",Inf,1091.35714285714,0.06,0.186666666666667
1,2,1000,0,FALSE,1e-04,"ARL",TRUE,"oracle","joint",Inf,NA,0,0
1,2,1000,0,FALSE,1e-04,"ARL",TRUE,"misspec","joint",Inf,918.925925925926,0.0433333333333333,0.09
1,2,1000,0,FALSE,1e-04,"ARL",TRUE,"bounded","average",470.586666666667,276.236666666667,0.986666666666667,1
1,2,1000,0,FALSE,1e-04,"ARL",TRUE,"bounded","product",345.56,226.69,0.99,1
0,10,1000,0,FALSE,1e-04,"ARL",TRUE,"oracle","joint",Inf,NA,0,0
0,10,1000,0,FALSE,1e-04,"ARL",TRUE,"misspec","joint",Inf,1378.6,0.00666666666666667,0.0166666666666667
0,10,1000,0,FALSE,1e-04,"ARL",TRUE,"bounded","average",Inf,1367.6,0,0.1
0,10,1000,0,FALSE,1e-04,"ARL",TRUE,"bounded","product",Inf,890.95,0.07,0.133333333333333
1,10,1000,0,FALSE,1e-04,"ARL",TRUE,"oracle","joint",Inf,NA,0,0
1,10,1000,0,FALSE,1e-04,"ARL",TRUE,"misspec","joint",Inf,717,0.97,0.0166666666666667
1,10,1000,0,FALSE,1e-04,"ARL",TRUE,"bounded","average",428.906666666667,250.58,1,1
1,10,1000,0,FALSE,1e-04,"ARL",TRUE,"bounded","product",101.136666666667,61.44,1,1
0,2,10,0.01,FALSE,1e-04,"ARL",TRUE,"oracle","joint",340.846666666667,330.846666666667,0,1
0,2,10,0.01,FALSE,1e-04,"ARL",TRUE,"misspec","joint",Inf,1569.76543209877,0,0.27
0,2,10,0.01,FALSE,1e-04,"ARL",TRUE,"bounded","average",599.22,589.22,0,1
0,2,10,0.01,FALSE,1e-04,"ARL",TRUE,"bounded","product",463.543333333333,453.543333333333,0,1
1,2,10,0.01,FALSE,1e-04,"ARL",TRUE,"oracle","joint",723.673333333333,713.673333333333,0,1
1,2,10,0.01,FALSE,1e-04,"ARL",TRUE,"misspec","joint",Inf,1206.17073170732,0,0.273333333333333
1,2,10,0.01,FALSE,1e-04,"ARL",TRUE,"bounded","average",292.873333333333,282.873333333333,0,1
1,2,10,0.01,FALSE,1e-04,"ARL",TRUE,"bounded","product",196.713333333333,186.713333333333,0,1
0,10,10,0.01,FALSE,1e-04,"ARL",TRUE,"oracle","joint",313.583333333333,303.583333333333,0,1
0,10,10,0.01,FALSE,1e-04,"ARL",TRUE,"misspec","joint",Inf,1644,0,0.03
0,10,10,0.01,FALSE,1e-04,"ARL",TRUE,"bounded","average",1063.34,1053.34,0,1
0,10,10,0.01,FALSE,1e-04,"ARL",TRUE,"bounded","product",Inf,624.626262626263,0,0.99
1,10,10,0.01,FALSE,1e-04,"ARL",TRUE,"oracle","joint",713.453333333333,703.453333333333,0,1
1,10,10,0.01,FALSE,1e-04,"ARL",TRUE,"misspec","joint",Inf,1358.0303030303,0.956666666666667,0.11
1,10,10,0.01,FALSE,1e-04,"ARL",TRUE,"bounded","average",339.806666666667,329.806666666667,0,1
1,10,10,0.01,FALSE,1e-04,"ARL",TRUE,"bounded","product",77.1466666666667,67.1466666666667,0,1
0,2,1000,0.01,FALSE,1e-04,"ARL",TRUE,"oracle","joint",1236.75666666667,271.993333333333,0.0566666666666667,1
0,2,1000,0.01,FALSE,1e-04,"ARL",TRUE,"misspec","joint",Inf,809.377049180328,0.02,0.203333333333333
0,2,1000,0.01,FALSE,1e-04,"ARL",TRUE,"bounded","average",1366.88666666667,376.38,0.0166666666666667,1
0,2,1000,0.01,FALSE,1e-04,"ARL",TRUE,"bounded","product",1339.34,380.77,0.07,1
1,2,1000,0.01,FALSE,1e-04,"ARL",TRUE,"oracle","joint",1481.96666666667,524.853333333333,0.0533333333333333,1
1,2,1000,0.01,FALSE,1e-04,"ARL",TRUE,"misspec","joint",Inf,855.230769230769,0.0333333333333333,0.26
1,2,1000,0.01,FALSE,1e-04,"ARL",TRUE,"bounded","average",489.566666666667,146.036666666667,0.993333333333333,1
1,2,1000,0.01,FALSE,1e-04,"ARL",TRUE,"bounded","product",338.356666666667,114.096666666667,0.996666666666667,1
0,10,1000,0.01,FALSE,1e-04,"ARL",TRUE,"oracle","joint",1197.91,255.016666666667,0.0766666666666667,1
0,10,1000,0.01,FALSE,1e-04,"ARL",TRUE,"misspec","joint",Inf,876.6,0.00666666666666667,0.0166666666666667
0,10,1000,0.01,FALSE,1e-04,"ARL",TRUE,"bounded","average",1685.10333333333,685.103333333333,0,1
0,10,1000,0.01,FALSE,1e-04,"ARL",TRUE,"bounded","product",Inf,581.402730375427,0.0633333333333333,0.976666666666667
1,10,1000,0.01,FALSE,1e-04,"ARL",TRUE,"oracle","joint",Inf,507.137123745819,0.05,0.996666666666667
1,10,1000,0.01,FALSE,1e-04,"ARL",TRUE,"misspec","joint",Inf,951.352941176471,0.98,0.0566666666666667
1,10,1000,0.01,FALSE,1e-04,"ARL",TRUE,"bounded","average",428.613333333333,189.583333333333,1,1
1,10,1000,0.01,FALSE,1e-04,"ARL",TRUE,"bounded","product",98.82,40.84,1,1
0,2,10,0.0118108035034134,FALSE,1e-04,"ARL",TRUE,"oracle","joint",264.376666666667,254.376666666667,0,1
0,2,10,0.0118108035034134,FALSE,1e-04,"ARL",TRUE,"misspec","joint",Inf,1437.02941176471,0,0.226666666666667
0,2,10,0.0118108035034134,FALSE,1e-04,"ARL",TRUE,"bounded","average",487.22,477.22,0,1
0,2,10,0.0118108035034134,FALSE,1e-04,"ARL",TRUE,"bounded","product",378.703333333333,368.703333333333,0,1
1,2,10,0.0118108035034134,FALSE,1e-04,"ARL",TRUE,"oracle","joint",552.853333333333,542.853333333333,0,1
1,2,10,0.0118108035034134,FALSE,1e-04,"ARL",TRUE,"misspec","joint",Inf,1398.7247706422,0.01,0.363333333333333
1,2,10,0.0118108035034134,FALSE,1e-04,"ARL",TRUE,"bounded","average",267.966666666667,257.966666666667,0,1
1,2,10,0.0118108035034134,FALSE,1e-04,"ARL",TRUE,"bounded","product",182.31,172.31,0,1
0,10,10,0.0118108035034134,FALSE,1e-04,"ARL",TRUE,"oracle","joint",258.34,248.34,0,1
0,10,10,0.0118108035034134,FALSE,1e-04,"ARL",TRUE,"misspec","joint",Inf,1100.81818181818,0,0.0366666666666667
0,10,10,0.0118108035034134,FALSE,1e-04,"ARL",TRUE,"bounded","average",959.53,949.53,0,1
0,10,10,0.0118108035034134,FALSE,1e-04,"ARL",TRUE,"bounded","product",483.24,473.24,0,1
1,10,10,0.0118108035034134,FALSE,1e-04,"ARL",TRUE,"oracle","joint",545.67,535.67,0,1
1,10,10,0.0118108035034134,FALSE,1e-04,"ARL",TRUE,"misspec","joint",Inf,1296.54285714286,0.973333333333333,0.116666666666667
1,10,10,0.0118108035034134,FALSE,1e-04,"ARL",TRUE,"bounded","average",323.853333333333,313.853333333333,0,1
1,10,10,0.0118108035034134,FALSE,1e-04,"ARL",TRUE,"bounded","product",72.26,62.26,0,1
0,2,1000,0.0118108035034134,FALSE,1e-04,"ARL",TRUE,"oracle","joint",1147.01333333333,205.5,0.0833333333333333,1
0,2,1000,0.0118108035034134,FALSE,1e-04,"ARL",TRUE,"misspec","joint",Inf,909.107142857143,0.0233333333333333,0.186666666666667
0,2,1000,0.0118108035034134,FALSE,1e-04,"ARL",TRUE,"bounded","average",1285.21333333333,298.196666666667,0.0266666666666667,1
0,2,1000,0.0118108035034134,FALSE,1e-04,"ARL",TRUE,"bounded","product",1231.39666666667,265.823333333333,0.0533333333333333,1
1,2,1000,0.0118108035034134,FALSE,1e-04,"ARL",TRUE,"oracle","joint",1416.57,446.593333333333,0.0366666666666667,1
1,2,1000,0.0118108035034134,FALSE,1e-04,"ARL",TRUE,"misspec","joint",Inf,1006.64197530864,0.04,0.27
1,2,1000,0.0118108035034134,FALSE,1e-04,"ARL",TRUE,"bounded","average",481.946666666667,145.97,1,1
1,2,1000,0.0118108035034134,FALSE,1e-04,"ARL",TRUE,"bounded","product",339.476666666667,100.076666666667,1,1
0,10,1000,0.0118108035034134,FALSE,1e-04,"ARL",TRUE,"oracle","joint",1155.63,196.913333333333,0.0633333333333333,1
0,10,1000,0.0118108035034134,FALSE,1e-04,"ARL",TRUE,"misspec","joint",Inf,626.333333333333,0.01,0.02
0,10,1000,0.0118108035034134,FALSE,1e-04,"ARL",TRUE,"bounded","average",1557.73333333333,557.733333333333,0,1
0,10,1000,0.0118108035034134,FALSE,1e-04,"ARL",TRUE,"bounded","product",Inf,427.675585284281,0.0733333333333333,0.996666666666667
1,10,1000,0.0118108035034134,FALSE,1e-04,"ARL",TRUE,"oracle","joint",1386.06333333333,431.616666666667,0.0533333333333333,1
1,10,1000,0.0118108035034134,FALSE,1e-04,"ARL",TRUE,"misspec","joint",Inf,1173.08333333333,0.97,0.08
1,10,1000,0.0118108035034134,FALSE,1e-04,"ARL",TRUE,"bounded","average",428.02,193.903333333333,1,1
1,10,1000,0.0118108035034134,FALSE,1e-04,"ARL",TRUE,"bounded","product",95.3366666666667,38.4766666666667,1,1
0,2,10,0.0139495079396242,FALSE,1e-04,"ARL",TRUE,"oracle","joint",193.086666666667,183.086666666667,0,1
0,2,10,0.0139495079396242,FALSE,1e-04,"ARL",TRUE,"misspec","joint",Inf,1480.6,0,0.383333333333333
0,2,10,0.0139495079396242,FALSE,1e-04,"ARL",TRUE,"bounded","average",399.01,389.01,0,1
0,2,10,0.0139495079396242,FALSE,1e-04,"ARL",TRUE,"bounded","product",284.34,274.34,0,1
1,2,10,0.0139495079396242,FALSE,1e-04,"ARL",TRUE,"oracle","joint",427.903333333333,417.903333333333,0,1
1,2,10,0.0139495079396242,FALSE,1e-04,"ARL",TRUE,"misspec","joint",Inf,1276.448,0.00333333333333333,0.416666666666667
1,2,10,0.0139495079396242,FALSE,1e-04,"ARL",TRUE,"bounded","average",246.866666666667,236.866666666667,0,1
1,2,10,0.0139495079396242,FALSE,1e-04,"ARL",TRUE,"bounded","product",159.29,149.29,0,1
0,10,10,0.0139495079396242,FALSE,1e-04,"ARL",TRUE,"oracle","joint",182.906666666667,172.906666666667,0,1
0,10,10,0.0139495079396242,FALSE,1e-04,"ARL",TRUE,"misspec","joint",Inf,1459.61538461538,0,0.0433333333333333
0,10,10,0.0139495079396242,FALSE,1e-04,"ARL",TRUE,"bounded","average",796.003333333333,786.003333333333,0,1
0,10,10,0.0139495079396242,FALSE,1e-04,"ARL",TRUE,"bounded","product",345.13,335.13,0,1
1,10,10,0.0139495079396242,FALSE,1e-04,"ARL",TRUE,"oracle","joint",419.336666666667,409.336666666667,0,1
1,10,10,0.0139495079396242,FALSE,1e-04,"ARL",TRUE,"misspec","joint",Inf,1744.88461538462,0.953333333333333,0.0866666666666667
1,10,10,0.0139495079396242,FALSE,1e-04,"ARL",TRUE,"bounded","average",312.65,302.65,0,1
1,10,10,0.0139495079396242,FALSE,1e-04,"ARL",TRUE,"bounded","product",70.68,60.68,0,1
0,2,1000,0.0139495079396242,FALSE,1e-04,"ARL",TRUE,"oracle","joint",1117.24,159.22,0.07,1
0,2,1000,0.0139495079396242,FALSE,1e-04,"ARL",TRUE,"misspec","joint",Inf,815.393939393939,0.0233333333333333,0.22
0,2,1000,0.0139495079396242,FALSE,1e-04,"ARL",TRUE,"bounded","average",1221.87666666667,224.056666666667,0.00333333333333333,1
0,2,1000,0.0139495079396242,FALSE,1e-04,"ARL",TRUE,"bounded","product",1167.72666666667,195.193333333333,0.04,1
1,2,1000,0.0139495079396242,FALSE,1e-04,"ARL",TRUE,"oracle","joint",1292.59333333333,321.916666666667,0.05,1
1,2,1000,0.0139495079396242,FALSE,1e-04,"ARL",TRUE,"misspec","joint",Inf,883.46,0.04,0.333333333333333
1,2,1000,0.0139495079396242,FALSE,1e-04,"ARL",TRUE,"bounded","average",491.33,131.48,0.99,1
1,2,1000,0.0139495079396242,FALSE,1e-04,"ARL",TRUE,"bounded","product",342.31,89.6133333333333,0.996666666666667,1
0,10,1000,0.0139495079396242,FALSE,1e-04,"ARL",TRUE,"oracle","joint",1102.99333333333,160.543333333333,0.09,1
0,10,1000,0.0139495079396242,FALSE,1e-04,"ARL",TRUE,"misspec","joint",Inf,1456.71428571429,0.00333333333333333,0.0233333333333333
0,10,1000,0.0139495079396242,FALSE,1e-04,"ARL",TRUE,"bounded","average",1456.51333333333,456.513333333333,0,1
0,10,1000,0.0139495079396242,FALSE,1e-04,"ARL",TRUE,"bounded","product",1231.31666666667,290.616666666667,0.0666666666666667,1
1,10,1000,0.0139495079396242,FALSE,1e-04,"ARL",TRUE,"oracle","joint",1290.86333333333,336.82,0.07,1
1,10,1000,0.0139495079396242,FALSE,1e-04,"ARL",TRUE,"misspec","joint",Inf,1207.53846153846,0.973333333333333,0.0433333333333333
1,10,1000,0.0139495079396242,FALSE,1e-04,"ARL",TRUE,"bounded","average",429.716666666667,178.976666666667,1,1
1,10,1000,0.0139495079396242,FALSE,1e-04,"ARL",TRUE,"bounded","product",98.5433333333333,33.29,1,1
0,2,10,0.0164754897244207,FALSE,1e-04,"ARL",TRUE,"oracle","joint",154.676666666667,144.676666666667,0,1
0,2,10,0.0164754897244207,FALSE,1e-04,"ARL",TRUE,"misspec","joint",Inf,1368.47826086957,0,0.383333333333333
0,2,10,0.0164754897244207,FALSE,1e-04,"ARL",TRUE,"bounded","average",320.576666666667,310.576666666667,0,1
0,2,10,0.0164754897244207,FALSE,1e-04,"ARL",TRUE,"bounded","product",212.8,202.8,0,1
1,2,10,0.0164754897244207,FALSE,1e-04,"ARL",TRUE,"oracle","joint",334.82,324.82,0,1
1,2,10,0.0164754897244207,FALSE,1e-04,"ARL",TRUE,"misspec","joint",Inf,1259.89308176101,0.00333333333333333,0.53
1,2,10,0.0164754897244207,FALSE,1e-04,"ARL",TRUE,"bounded","average",222.18,212.18,0,1
1,2,10,0.0164754897244207,FALSE,1e-04,"ARL",TRUE,"bounded","product",144.446666666667,134.446666666667,0,1
0,10,10,0.0164754897244207,FALSE,1e-04,"ARL",TRUE,"oracle","joint",149.163333333333,139.163333333333,0,1
0,10,10,0.0164754897244207,FALSE,1e-04,"ARL",TRUE,"misspec","joint",Inf,1625.5625,0,0.0533333333333333
0,10,10,0.0164754897244207,FALSE,1e-04,"ARL",TRUE,"bounded","average",671.706666666667,661.706666666667,0,1
0,10,10,0.0164754897244207,FALSE,1e-04,"ARL",TRUE,"bounded","product",253.306666666667,243.306666666667,0,1
1,10,10,0.0164754897244207,FALSE,1e-04,"ARL",TRUE,"oracle","joint",332.423333333333,322.423333333333,0,1
1,10,10,0.0164754897244207,FALSE,1e-04,"ARL",TRUE,"misspec","joint",Inf,1413.67567567568,0.963333333333333,0.123333333333333
1,10,10,0.0164754897244207,FALSE,1e-04,"ARL",TRUE,"bounded","average",301.493333333333,291.493333333333,0,1
1,10,10,0.0164754897244207,FALSE,1e-04,"ARL",TRUE,"bounded","product",66.8466666666667,56.8466666666667,0,1
0,2,1000,0.0164754897244207,FALSE,1e-04,"ARL",TRUE,"oracle","joint",1082.15666666667,127.473333333333,0.0833333333333333,1
0,2,1000,0.0164754897244207,FALSE,1e-04,"ARL",TRUE,"misspec","joint",Inf,926.723404255319,0.02,0.313333333333333
0,2,1000,0.0164754897244207,FALSE,1e-04,"ARL",TRUE,"bounded","average",1161.2,179.626666666667,0.04,1
0,2,1000,0.0164754897244207,FALSE,1e-04,"ARL",TRUE,"bounded","product",1102.38666666667,149.58,0.09,1
1,2,1000,0.0164754897244207,FALSE,1e-04,"ARL",TRUE,"oracle","joint",1197.13333333333,253.133333333333,0.0833333333333333,1
1,2,1000,0.0164754897244207,FALSE,1e-04,"ARL",TRUE,"misspec","joint",Inf,933.40170940171,0.05,0.39
1,2,1000,0.0164754897244207,FALSE,1e-04,"ARL",TRUE,"bounded","average",491.586666666667,110.173333333333,0.996666666666667,1
1,2,1000,0.0164754897244207,FALSE,1e-04,"ARL",TRUE,"bounded","product",353.083333333333,74.9066666666667,0.993333333333333,1
0,10,1000,0.0164754897244207,FALSE,1e-04,"ARL",TRUE,"oracle","joint",1088.18666666667,122.94,0.0633333333333333,1
0,10,1000,0.0164754897244207,FALSE,1e-04,"ARL",TRUE,"misspec","joint",Inf,1137.36363636364,0,0.0366666666666667
0,10,1000,0.0164754897244207,FALSE,1e-04,"ARL",TRUE,"bounded","average",1373.01333333333,373.013333333333,0,1
0,10,1000,0.0164754897244207,FALSE,1e-04,"ARL",TRUE,"bounded","product",1161.30333333333,206.07,0.07,1
1,10,1000,0.0164754897244207,FALSE,1e-04,"ARL",TRUE,"oracle","joint",1223.30666666667,255.57,0.0466666666666667,1
1,10,1000,0.0164754897244207,FALSE,1e-04,"ARL",TRUE,"misspec","joint",Inf,993,0.98,0.0766666666666667
1,10,1000,0.0164754897244207,FALSE,1e-04,"ARL",TRUE,"bounded","average",427.173333333333,167.55,1,1
1,10,1000,0.0164754897244207,FALSE,1e-04,"ARL",TRUE,"bounded","product",100.813333333333,34.0433333333333,1,1
0,2,10,0.0194588771757639,FALSE,1e-04,"ARL",TRUE,"oracle","joint",117.786666666667,107.786666666667,0,1
0,2,10,0.0194588771757639,FALSE,1e-04,"ARL",TRUE,"misspec","joint",Inf,1403.65584415584,0,0.513333333333333
0,2,10,0.0194588771757639,FALSE,1e-04,"ARL",TRUE,"bounded","average",257.48,247.48,0,1
0,2,10,0.0194588771757639,FALSE,1e-04,"ARL",TRUE,"bounded","product",170.366666666667,160.366666666667,0,1
1,2,10,0.0194588771757639,FALSE,1e-04,"ARL",TRUE,"oracle","joint",260.816666666667,250.816666666667,0,1
1,2,10,0.0194588771757639,FALSE,1e-04,"ARL",TRUE,"misspec","joint",Inf,1171.21428571429,0.00666666666666667,0.606666666666667
1,2,10,0.0194588771757639,FALSE,1e-04,"ARL",TRUE,"bounded","average",205.033333333333,195.033333333333,0,1
1,2,10,0.0194588771757639,FALSE,1e-04,"ARL",TRUE,"bounded","product",134.2,124.2,0,1
0,10,10,0.0194588771757639,FALSE,1e-04,"ARL",TRUE,"oracle","joint",112.71,102.71,0,1
0,10,10,0.0194588771757639,FALSE,1e-04,"ARL",TRUE,"misspec","joint",Inf,1159.1,0,0.0666666666666667
0,10,10,0.0194588771757639,FALSE,1e-04,"ARL",TRUE,"bounded","average",569.54,559.54,0,1
0,10,10,0.0194588771757639,FALSE,1e-04,"ARL",TRUE,"bounded","product",182.95,172.95,0,1
1,10,10,0.0194588771757639,FALSE,1e-04,"ARL",TRUE,"oracle","joint",263.383333333333,253.383333333333,0,1
1,10,10,0.0194588771757639,FALSE,1e-04,"ARL",TRUE,"misspec","joint",Inf,1105,0.976666666666667,0.143333333333333
1,10,10,0.0194588771757639,FALSE,1e-04,"ARL",TRUE,"bounded","average",278.326666666667,268.326666666667,0,1
1,10,10,0.0194588771757639,FALSE,1e-04,"ARL",TRUE,"bounded","product",63.4433333333333,53.4433333333333,0,1
0,2,1000,0.0194588771757639,FALSE,1e-04,"ARL",TRUE,"oracle","joint",1059.02333333333,90.12,0.0666666666666667,1
0,2,1000,0.0194588771757639,FALSE,1e-04,"ARL",TRUE,"misspec","joint",Inf,977.421568627451,0.0233333333333333,0.34
0,2,1000,0.0194588771757639,FALSE,1e-04,"ARL",TRUE,"bounded","average",1135.40666666667,145.243333333333,0.02,1
0,2,1000,0.0194588771757639,FALSE,1e-04,"ARL",TRUE,"bounded","product",1081.71333333333,116.06,0.0566666666666667,1
1,2,1000,0.0194588771757639,FALSE,1e-04,"ARL",TRUE,"oracle","joint",1173.38,199.926666666667,0.04,1
1,2,1000,0.0194588771757639,FALSE,1e-04,"ARL",TRUE,"misspec","joint",Inf,891.692857142857,0.04,0.466666666666667
1,2,1000,0.0194588771757639,FALSE,1e-04,"ARL",TRUE,"bounded","average",497.61,101.06,0.99,1
1,2,1000,0.0194588771757639,FALSE,1e-04,"ARL",TRUE,"bounded","product",354.84,71.3566666666667,0.996666666666667,1
0,10,1000,0.0194588771757639,FALSE,1e-04,"ARL",TRUE,"oracle","joint",1056.07666666667,95.6966666666667,0.07,1
0,10,1000,0.0194588771757639,FALSE,1e-04,"ARL",TRUE,"misspec","joint",Inf,856.7,0.00333333333333333,0.0666666666666667
0,10,1000,0.0194588771757639,FALSE,1e-04,"ARL",TRUE,"bounded","average",1297.49666666667,297.496666666667,0,1
0,10,1000,0.0194588771757639,FALSE,1e-04,"ARL",TRUE,"bounded","product",1106.64,146.243333333333,0.0666666666666667,1
1,10,1000,0.0194588771757639,FALSE,1e-04,"ARL",TRUE,"oracle","joint",1185.05,221.133333333333,0.0633333333333333,1
1,10,1000,0.0194588771757639,FALSE,1e-04,"ARL",TRUE,"misspec","joint",Inf,1207.74074074074,0.98,0.09
1,10,1000,0.0194588771757639,FALSE,1e-04,"ARL",TRUE,"bounded","average",429.17,149.15,1,1
1,10,1000,0.0194588771757639,FALSE,1e-04,"ARL",TRUE,"bounded","product",98.82,29.8766666666667,1,1
0,2,10,0.0229824974720003,FALSE,1e-04,"ARL",TRUE,"oracle","joint",87.87,77.87,0,1
0,2,10,0.0229824974720003,FALSE,1e-04,"ARL",TRUE,"misspec","joint",Inf,1339.61463414634,0,0.683333333333333
0,2,10,0.0229824974720003,FALSE,1e-04,"ARL",TRUE,"bounded","average",209.873333333333,199.873333333333,0,1
0,2,10,0.0229824974720003,FALSE,1e-04,"ARL",TRUE,"bounded","product",144.79,134.79,0,1
1,2,10,0.0229824974720003,FALSE,1e-04,"ARL",TRUE,"oracle","joint",195.136666666667,185.136666666667,0,1
1,2,10,0.0229824974720003,FALSE,1e-04,"ARL",TRUE,"misspec","joint",Inf,1215.455,0,0.666666666666667
1,2,10,0.0229824974720003,FALSE,1e-04,"ARL",TRUE,"bounded","average",171.356666666667,161.356666666667,0,1
1,2,10,0.0229824974720003,FALSE,1e-04,"ARL",TRUE,"bounded","product",109.943333333333,99.9433333333333,0,1
0,10,10,0.0229824974720003,FALSE,1e-04,"ARL",TRUE,"oracle","joint",87.1966666666667,77.1966666666667,0,1
0,10,10,0.0229824974720003,FALSE,1e-04,"ARL",TRUE,"misspec","joint",Inf,1347.90625,0,0.106666666666667
0,10,10,0.0229824974720003,FALSE,1e-04,"ARL",TRUE,"bounded","average",476.013333333333,466.013333333333,0,1
0,10,10,0.0229824974720003,FALSE,1e-04,"ARL",TRUE,"bounded","product",134.29,124.29,0,1
1,10,10,0.0229824974720003,FALSE,1e-04,"ARL",TRUE,"oracle","joint",190.353333333333,180.353333333333,0,1
1,10,10,0.0229824974720003,FALSE,1e-04,"ARL",TRUE,"misspec","joint",Inf,1467.58490566038,0.983333333333333,0.176666666666667
1,10,10,0.0229824974720003,FALSE,1e-04,"ARL",TRUE,"bounded","average",256.046666666667,246.046666666667,0,1
1,10,10,0.0229824974720003,FALSE,1e-04,"ARL",TRUE,"bounded","product",60.0566666666667,50.0566666666667,0,1
0,2,1000,0.0229824974720003,FALSE,1e-04,"ARL",TRUE,"oracle","joint",1033.92,72.5166666666667,0.0633333333333333,1
0,2,1000,0.0229824974720003,FALSE,1e-04,"ARL",TRUE,"misspec","joint",Inf,823.359154929577,0.0266666666666667,0.473333333333333
0,2,1000,0.0229824974720003,FALSE,1e-04,"ARL",TRUE,"bounded","average",1105.31666666667,106.47,0.00333333333333333,1
0,2,1000,0.0229824974720003,FALSE,1e-04,"ARL",TRUE,"bounded","product",1065.01666666667,89.1733333333333,0.0466666666666667,1
1,2,1000,0.0229824974720003,FALSE,1e-04,"ARL",TRUE,"oracle","joint",1109.34333333333,162.08,0.0833333333333333,1
1,2,1000,0.0229824974720003,FALSE,1e-04,"ARL",TRUE,"misspec","joint",Inf,860.3625,0.04,0.533333333333333
1,2,1000,0.0229824974720003,FALSE,1e-04,"ARL",TRUE,"bounded","average",488.973333333333,87.1166666666667,0.986666666666667,1
1,2,1000,0.0229824974720003,FALSE,1e-04,"ARL",TRUE,"bounded","product",335.48,60.8033333333333,0.99,1
0,10,1000,0.0229824974720003,FALSE,1e-04,"ARL",TRUE,"oracle","joint",1027.17333333333,73.0233333333333,0.0733333333333333,1
0,10,1000,0.0229824974720003,FALSE,1e-04,"ARL",TRUE,"misspec","joint",Inf,1228.85714285714,0,0.0233333333333333
0,10,1000,0.0229824974720003,FALSE,1e-04,"ARL",TRUE,"bounded","average",1245.17666666667,245.176666666667,0,1
0,10,1000,0.0229824974720003,FALSE,1e-04,"ARL",TRUE,"bounded","product",1085.00333333333,113.183333333333,0.0533333333333333,1
1,10,1000,0.0229824974720003,FALSE,1e-04,"ARL",TRUE,"oracle","joint",1127.34,164.59,0.0666666666666667,1
1,10,1000,0.0229824974720003,FALSE,1e-04,"ARL",TRUE,"misspec","joint",Inf,1030.94871794872,0.983333333333333,0.13
1,10,1000,0.0229824974720003,FALSE,1e-04,"ARL",TRUE,"bounded","average",429.573333333333,133.136666666667,1,1
1,10,1000,0.0229824974720003,FALSE,1e-04,"ARL",TRUE,"bounded","product",98.73,29.2966666666667,1,1
0,2,10,0.0271441761659491,FALSE,1e-04,"ARL",TRUE,"oracle","joint",67.6666666666667,57.6666666666667,0,1
0,2,10,0.0271441761659491,FALSE,1e-04,"ARL",TRUE,"misspec","joint",Inf,1155.90454545455,0,0.733333333333333
0,2,10,0.0271441761659491,FALSE,1e-04,"ARL",TRUE,"bounded","average",171.68,161.68,0,1
0,2,10,0.0271441761659491,FALSE,1e-04,"ARL",TRUE,"bounded","product",114,104,0,1
1,2,10,0.0271441761659491,FALSE,1e-04,"ARL",TRUE,"oracle","joint",152.443333333333,142.443333333333,0,1
1,2,10,0.0271441761659491,FALSE,1e-04,"ARL",TRUE,"misspec","joint",Inf,1102.78838174274,0.00333333333333333,0.803333333333333
1,2,10,0.0271441761659491,FALSE,1e-04,"ARL",TRUE,"bounded","average",155.246666666667,145.246666666667,0,1
1,2,10,0.0271441761659491,FALSE,1e-04,"ARL",TRUE,"bounded","product",100.063333333333,90.0633333333333,0,1
0,10,10,0.0271441761659491,FALSE,1e-04,"ARL",TRUE,"oracle","joint",70.0933333333333,60.0933333333333,0,1
0,10,10,0.0271441761659491,FALSE,1e-04,"ARL",TRUE,"misspec","joint",Inf,1350.72,0,0.0833333333333333
0,10,10,0.0271441761659491,FALSE,1e-04,"ARL",TRUE,"bounded","average",390.856666666667,380.856666666667,0,1
0,10,10,0.0271441761659491,FALSE,1e-04,"ARL",TRUE,"bounded","product",108.81,98.81,0,1
1,10,10,0.0271441761659491,FALSE,1e-04,"ARL",TRUE,"oracle","joint",158.526666666667,148.526666666667,0,1
1,10,10,0.0271441761659491,FALSE,1e-04,"ARL",TRUE,"misspec","joint",Inf,1523.62121212121,0.97,0.22
1,10,10,0.0271441761659491,FALSE,1e-04,"ARL",TRUE,"bounded","average",245.4,235.4,0,1
1,10,10,0.0271441761659491,FALSE,1e-04,"ARL",TRUE,"bounded","product",55.6933333333333,45.6933333333333,0,1
0,2,1000,0.0271441761659491,FALSE,1e-04,"ARL",TRUE,"oracle","joint",1026.07666666667,53.91,0.0533333333333333,1
0,2,1000,0.0271441761659491,FALSE,1e-04,"ARL",TRUE,"misspec","joint",Inf,802.528795811518,0.01,0.636666666666667
0,2,1000,0.0271441761659491,FALSE,1e-04,"ARL",TRUE,"bounded","average",1083.71666666667,86.8433333333333,0.01,1
0,2,1000,0.0271441761659491,FALSE,1e-04,"ARL",TRUE,"bounded","product",1048.73333333333,68.9833333333333,0.0466666666666667,1
1,2,1000,0.0271441761659491,FALSE,1e-04,"ARL",TRUE,"oracle","joint",1071.83666666667,122.366666666667,0.0933333333333333,1
1,2,1000,0.0271441761659491,FALSE,1e-04,"ARL",TRUE,"misspec","joint",Inf,796.208737864078,0.05,0.686666666666667
1,2,1000,0.0271441761659491,FALSE,1e-04,"ARL",TRUE,"bounded","average",472.14,75.68,1,1
1,2,1000,0.0271441761659491,FALSE,1e-04,"ARL",TRUE,"bounded","product",333.893333333333,52.3866666666667,0.996666666666667,1
0,10,1000,0.0271441761659491,FALSE,1e-04,"ARL",TRUE,"oracle","joint",1018.29666666667,57.09,0.0666666666666667,1
0,10,1000,0.0271441761659491,FALSE,1e-04,"ARL",TRUE,"misspec","joint",Inf,1206.09090909091,0.00333333333333333,0.0366666666666667
0,10,1000,0.0271441761659491,FALSE,1e-04,"ARL",TRUE,"bounded","average",1194.22,194.22,0,1
0,10,1000,0.0271441761659491,FALSE,1e-04,"ARL",TRUE,"bounded","product",1035.4,79.63,0.0766666666666667,1
1,10,1000,0.0271441761659491,FALSE,1e-04,"ARL",TRUE,"oracle","joint",1077.44333333333,118.83,0.0666666666666667,1
1,10,1000,0.0271441761659491,FALSE,1e-04,"ARL",TRUE,"misspec","joint",Inf,972.6,0.983333333333333,0.15
1,10,1000,0.0271441761659491,FALSE,1e-04,"ARL",TRUE,"bounded","average",428.17,129.026666666667,1,1
1,10,1000,0.0271441761659491,FALSE,1e-04,"ARL",TRUE,"bounded","product",99.5166666666667,27.3133333333333,1,1
0,2,10,0.0320594530958062,FALSE,1e-04,"ARL",TRUE,"oracle","joint",55.3833333333333,45.3833333333333,0,1
0,2,10,0.0320594530958062,FALSE,1e-04,"ARL",TRUE,"misspec","joint",Inf,1018.85820895522,0,0.893333333333333
0,2,10,0.0320594530958062,FALSE,1e-04,"ARL",TRUE,"bounded","average",145.17,135.17,0,1
0,2,10,0.0320594530958062,FALSE,1e-04,"ARL",TRUE,"bounded","product",94.74,84.74,0,1
1,2,10,0.0320594530958062,FALSE,1e-04,"ARL",TRUE,"oracle","joint",114.016666666667,104.016666666667,0,1
1,2,10,0.0320594530958062,FALSE,1e-04,"ARL",TRUE,"misspec","joint",Inf,913.229090909091,0.00333333333333333,0.916666666666667
1,2,10,0.0320594530958062,FALSE,1e-04,"ARL",TRUE,"bounded","average",137.846666666667,127.846666666667,0,1
1,2,10,0.0320594530958062,FALSE,1e-04,"ARL",TRUE,"bounded","product",91.29,81.29,0,1
0,10,10,0.0320594530958062,FALSE,1e-04,"ARL",TRUE,"oracle","joint",54.7133333333333,44.7133333333333,0,1
0,10,10,0.0320594530958062,FALSE,1e-04,"ARL",TRUE,"misspec","joint",Inf,1426.32558139535,0,0.143333333333333
0,10,10,0.0320594530958062,FALSE,1e-04,"ARL",TRUE,"bounded","average",329.483333333333,319.483333333333,0,1
0,10,10,0.0320594530958062,FALSE,1e-04,"ARL",TRUE,"bounded","product",82.53,72.53,0,1
1,10,10,0.0320594530958062,FALSE,1e-04,"ARL",TRUE,"oracle","joint",115.44,105.44,0,1
1,10,10,0.0320594530958062,FALSE,1e-04,"ARL",TRUE,"misspec","joint",Inf,1279.38554216867,0.983333333333333,0.276666666666667
1,10,10,0.0320594530958062,FALSE,1e-04,"ARL",TRUE,"bounded","average",222.313333333333,212.313333333333,0,1
1,10,10,0.0320594530958062,FALSE,1e-04,"ARL",TRUE,"bounded","product",51.9733333333333,41.9733333333333,0,1
0,2,1000,0.0320594530958062,FALSE,1e-04,"ARL",TRUE,"oracle","joint",1022.16333333333,41.6866666666667,0.0433333333333333,1
0,2,1000,0.0320594530958062,FALSE,1e-04,"ARL",TRUE,"misspec","joint",Inf,753.308641975309,0.01,0.81
0,2,1000,0.0320594530958062,FALSE,1e-04,"ARL",TRUE,"bounded","average",1062.00666666667,69.1666666666667,0.02,1
0,2,1000,0.0320594530958062,FALSE,1e-04,"ARL",TRUE,"bounded","product",1030.69333333333,53.7866666666667,0.06,1
1,2,1000,0.0320594530958062,FALSE,1e-04,"ARL",TRUE,"oracle","joint",1052.49,94.59,0.08,1
1,2,1000,0.0320594530958062,FALSE,1e-04,"ARL",TRUE,"misspec","joint",Inf,692.971193415638,0.04,0.81
1,2,1000,0.0320594530958062,FALSE,1e-04,"ARL",TRUE,"bounded","average",467.41,66,0.996666666666667,1
1,2,1000,0.0320594530958062,FALSE,1e-04,"ARL",TRUE,"bounded","product",330.213333333333,44.97,1,1
0,10,1000,0.0320594530958062,FALSE,1e-04,"ARL",TRUE,"oracle","joint",1005.73,42.3366666666667,0.0733333333333333,1
0,10,1000,0.0320594530958062,FALSE,1e-04,"ARL",TRUE,"misspec","joint",Inf,982.393939393939,0.01,0.11
0,10,1000,0.0320594530958062,FALSE,1e-04,"ARL",TRUE,"bounded","average",1156.76333333333,156.763333333333,0,1
0,10,1000,0.0320594530958062,FALSE,1e-04,"ARL",TRUE,"bounded","product",1015.65666666667,58.2333333333333,0.0866666666666667,1
1,10,1000,0.0320594530958062,FALSE,1e-04,"ARL",TRUE,"oracle","joint",1060.10333333333,98.28,0.0566666666666667,1
1,10,1000,0.0320594530958062,FALSE,1e-04,"ARL",TRUE,"misspec","joint",Inf,987.358490566038,0.98,0.176666666666667
1,10,1000,0.0320594530958062,FALSE,1e-04,"ARL",TRUE,"bounded","average",429.723333333333,117.326666666667,1,1
1,10,1000,0.0320594530958062,FALSE,1e-04,"ARL",TRUE,"bounded","product",97.2466666666667,22.9,1,1
0,2,10,0.0378647900941465,FALSE,1e-04,"ARL",TRUE,"oracle","joint",42.9633333333333,32.9633333333333,0,1
0,2,10,0.0378647900941465,FALSE,1e-04,"ARL",TRUE,"misspec","joint",Inf,826.377551020408,0,0.98
0,2,10,0.0378647900941465,FALSE,1e-04,"ARL",TRUE,"bounded","average",121.023333333333,111.023333333333,0,1
0,2,10,0.0378647900941465,FALSE,1e-04,"ARL",TRUE,"bounded","product",78.2733333333333,68.2733333333333,0,1
1,2,10,0.0378647900941465,FALSE,1e-04,"ARL",TRUE,"oracle","joint",90.39,80.39,0,1
1,2,10,0.0378647900941465,FALSE,1e-04,"ARL",TRUE,"misspec","joint",Inf,789.584192439862,0.00333333333333333,0.97
1,2,10,0.0378647900941465,FALSE,1e-04,"ARL",TRUE,"bounded","average",119.426666666667,109.426666666667,0,1
1,2,10,0.0378647900941465,FALSE,1e-04,"ARL",TRUE,"bounded","product",76.8233333333333,66.8233333333333,0,1
0,10,10,0.0378647900941465,FALSE,1e-04,"ARL",TRUE,"oracle","joint",45.1066666666667,35.1066666666667,0,1
0,10,10,0.0378647900941465,FALSE,1e-04,"ARL",TRUE,"misspec","joint",Inf,1456.39130434783,0,0.153333333333333
0,10,10,0.0378647900941465,FALSE,1e-04,"ARL",TRUE,"bounded","average",273.556666666667,263.556666666667,0,1
0,10,10,0.0378647900941465,FALSE,1e-04,"ARL",TRUE,"bounded","product",72.25,62.25,0,1
1,10,10,0.0378647900941465,FALSE,1e-04,"ARL",TRUE,"oracle","joint",88.8866666666667,78.8866666666667,0,1
1,10,10,0.0378647900941465,FALSE,1e-04,"ARL",TRUE,"misspec","joint",Inf,1295.85714285714,0.986666666666667,0.326666666666667
1,10,10,0.0378647900941465,FALSE,1e-04,"ARL",TRUE,"bounded","average",200.376666666667,190.376666666667,0,1
1,10,10,0.0378647900941465,FALSE,1e-04,"ARL",TRUE,"bounded","product",46.9033333333333,36.9033333333333,0,1
0,2,1000,0.0378647900941465,FALSE,1e-04,"ARL",TRUE,"oracle","joint",1006.18333333333,31.74,0.0566666666666667,1
0,2,1000,0.0378647900941465,FALSE,1e-04,"ARL",TRUE,"misspec","joint",Inf,620.661818181818,0.0233333333333333,0.916666666666667
0,2,1000,0.0378647900941465,FALSE,1e-04,"ARL",TRUE,"bounded","average",1052.31666666667,55.54,0.0133333333333333,1
0,2,1000,0.0378647900941465,FALSE,1e-04,"ARL",TRUE,"bounded","product",1018.02666666667,44.3666666666667,0.0733333333333333,1
1,2,1000,0.0378647900941465,FALSE,1e-04,"ARL",TRUE,"oracle","joint",1026.04666666667,72.2633333333333,0.08,1
1,2,1000,0.0378647900941465,FALSE,1e-04,"ARL",TRUE,"misspec","joint",Inf,630.486988847583,0.04,0.896666666666667
1,2,1000,0.0378647900941465,FALSE,1e-04,"ARL",TRUE,"bounded","average",456.166666666667,53.06,0.993333333333333,1
1,2,1000,0.0378647900941465,FALSE,1e-04,"ARL",TRUE,"bounded","product",325.226666666667,37.7933333333333,0.996666666666667,1
0,10,1000,0.0378647900941465,FALSE,1e-04,"ARL",TRUE,"oracle","joint",997.036666666667,32.2133333333333,0.06,1
0,10,1000,0.0378647900941465,FALSE,1e-04,"ARL",TRUE,"misspec","joint",Inf,1096.65517241379,0.00333333333333333,0.0966666666666667
0,10,1000,0.0378647900941465,FALSE,1e-04,"ARL",TRUE,"bounded","average",1123.12666666667,123.126666666667,0,1
0,10,1000,0.0378647900941465,FALSE,1e-04,"ARL",TRUE,"bounded","product",1007.10333333333,44.69,0.08,1
1,10,1000,0.0378647900941465,FALSE,1e-04,"ARL",TRUE,"oracle","joint",1005.99,70.7366666666667,0.103333333333333,1
1,10,1000,0.0378647900941465,FALSE,1e-04,"ARL",TRUE,"misspec","joint",Inf,1069.640625,0.98,0.213333333333333
1,10,1000,0.0378647900941465,FALSE,1e-04,"ARL",TRUE,"bounded","average",429.903333333333,105.743333333333,1,1
1,10,1000,0.0378647900941465,FALSE,1e-04,"ARL",TRUE,"bounded","product",95.7833333333333,21.0233333333333,1,1
0,2,10,0.0447213595499958,FALSE,1e-04,"ARL",TRUE,"oracle","joint",34.5933333333333,24.5933333333333,0,1
0,2,10,0.0447213595499958,FALSE,1e-04,"ARL",TRUE,"misspec","joint",490.38,480.38,0,1
0,2,10,0.0447213595499958,FALSE,1e-04,"ARL",TRUE,"bounded","average",103.706666666667,93.7066666666667,0,1
0,2,10,0.0447213595499958,FALSE,1e-04,"ARL",TRUE,"bounded","product",67.26,57.26,0,1
1,2,10,0.0447213595499958,FALSE,1e-04,"ARL",TRUE,"oracle","joint",68.0166666666667,58.0166666666667,0,1
1,2,10,0.0447213595499958,FALSE,1e-04,"ARL",TRUE,"misspec","joint",Inf,535.377926421405,0,0.996666666666667
1,2,10,0.0447213595499958,FALSE,1e-04,"ARL",TRUE,"bounded","average",105.696666666667,95.6966666666667,0,1
1,2,10,0.0447213595499958,FALSE,1e-04,"ARL",TRUE,"bounded","product",68.7433333333333,58.7433333333333,0,1
0,10,10,0.0447213595499958,FALSE,1e-04,"ARL",TRUE,"oracle","joint",34.9666666666667,24.9666666666667,0,1
0,10,10,0.0447213595499958,FALSE,1e-04,"ARL",TRUE,"misspec","joint",Inf,1424.03125,0,0.213333333333333
0,10,10,0.0447213595499958,FALSE,1e-04,"ARL",TRUE,"bounded","average",226.483333333333,216.483333333333,0,1
0,10,10,0.0447213595499958,FALSE,1e-04,"ARL",TRUE,"bounded","product",57.2266666666667,47.2266666666667,0,1
1,10,10,0.0447213595499958,FALSE,1e-04,"ARL",TRUE,"oracle","joint",68.1033333333333,58.1033333333333,0,1
1,10,10,0.0447213595499958,FALSE,1e-04,"ARL",TRUE,"misspec","joint",34.8133333333333,1392.07142857143,0.98,0.42
1,10,10,0.0447213595499958,FALSE,1e-04,"ARL",TRUE,"bounded","average",181.823333333333,171.823333333333,0,1
1,10,10,0.0447213595499958,FALSE,1e-04,"ARL",TRUE,"bounded","product",44.0566666666667,34.0566666666667,0,1
0,2,1000,0.0447213595499958,FALSE,1e-04,"ARL",TRUE,"oracle","joint",994.333333333333,25.71,0.06,1
0,2,1000,0.0447213595499958,FALSE,1e-04,"ARL",TRUE,"misspec","joint",Inf,418.241610738255,0.01,0.993333333333333
0,2,1000,0.0447213595499958,FALSE,1e-04,"ARL",TRUE,"bounded","average",1039.36,47.8033333333333,0.03,1
0,2,1000,0.0447213595499958,FALSE,1e-04,"ARL",TRUE,"bounded","product",1002.57666666667,35.54,0.0766666666666667,1
1,2,1000,0.0447213595499958,FALSE,1e-04,"ARL",TRUE,"oracle","joint",1033.75,56.0533333333333,0.05,1
1,2,1000,0.0447213595499958,FALSE,1e-04,"ARL",TRUE,"misspec","joint",Inf,487.141414141414,0.03,0.99
1,2,1000,0.0447213595499958,FALSE,1e-04,"ARL",TRUE,"bounded","average",502.126666666667,48.4833333333333,0.986666666666667,1
1,2,1000,0.0447213595499958,FALSE,1e-04,"ARL",TRUE,"bounded","product",349.513333333333,32.2966666666667,0.993333333333333,1
0,10,1000,0.0447213595499958,FALSE,1e-04,"ARL",TRUE,"oracle","joint",981.27,24.53,0.0766666666666667,1
0,10,1000,0.0447213595499958,FALSE,1e-04,"ARL",TRUE,"misspec","joint",Inf,908.531914893617,0.00333333333333333,0.156666666666667
0,10,1000,0.0447213595499958,FALSE,1e-04,"ARL",TRUE,"bounded","average",1102.11,102.11,0,1
0,10,1000,0.0447213595499958,FALSE,1e-04,"ARL",TRUE,"bounded","product",992.303333333333,34.5433333333333,0.0933333333333333,1
1,10,1000,0.0447213595499958,FALSE,1e-04,"ARL",TRUE,"oracle","joint",1025.86333333333,56.4433333333333,0.0566666666666667,1
1,10,1000,0.0447213595499958,FALSE,1e-04,"ARL",TRUE,"misspec","joint",Inf,985.118811881188,0.963333333333333,0.336666666666667
1,10,1000,0.0447213595499958,FALSE,1e-04,"ARL",TRUE,"bounded","average",431.52,92.68,1,1
1,10,1000,0.0447213595499958,FALSE,1e-04,"ARL",TRUE,"bounded","product",99.4933333333333,19.6233333333333,1,1
0,2,10,0.05281951900505,FALSE,1e-04,"ARL",TRUE,"oracle","joint",28.8466666666667,18.8466666666667,0,1
0,2,10,0.05281951900505,FALSE,1e-04,"ARL",TRUE,"misspec","joint",321.493333333333,314.056666666667,0.00333333333333333,1
0,2,10,0.05281951900505,FALSE,1e-04,"ARL",TRUE,"bounded","average",90.07,80.07,0,1
0,2,10,0.05281951900505,FALSE,1e-04,"ARL",TRUE,"bounded","product",58.2833333333333,48.2833333333333,0,1
1,2,10,0.05281951900505,FALSE,1e-04,"ARL",TRUE,"oracle","joint",51.95,41.95,0,1
1,2,10,0.05281951900505,FALSE,1e-04,"ARL",TRUE,"misspec","joint",332.906666666667,329.47,0.0166666666666667,1
1,2,10,0.05281951900505,FALSE,1e-04,"ARL",TRUE,"bounded","average",90.9633333333333,80.9633333333333,0,1
1,2,10,0.05281951900505,FALSE,1e-04,"ARL",TRUE,"bounded","product",60.2733333333333,50.2733333333333,0,1
0,10,10,0.05281951900505,FALSE,1e-04,"ARL",TRUE,"oracle","joint",29.59,19.59,0,1
0,10,10,0.05281951900505,FALSE,1e-04,"ARL",TRUE,"misspec","joint",Inf,1501,0,0.266666666666667
0,10,10,0.05281951900505,FALSE,1e-04,"ARL",TRUE,"bounded","average",186.94,176.94,0,1
0,10,10,0.05281951900505,FALSE,1e-04,"ARL",TRUE,"bounded","product",49.3966666666667,39.3966666666667,0,1
1,10,10,0.05281951900505,FALSE,1e-04,"ARL",TRUE,"oracle","joint",51.9533333333333,41.9533333333333,0,1
1,10,10,0.05281951900505,FALSE,1e-04,"ARL",TRUE,"misspec","joint",Inf,1229.04651162791,0.986666666666667,0.573333333333333
1,10,10,0.05281951900505,FALSE,1e-04,"ARL",TRUE,"bounded","average",163.036666666667,153.036666666667,0,1
1,10,10,0.05281951900505,FALSE,1e-04,"ARL",TRUE,"bounded","product",39.6666666666667,29.6666666666667,0,1
0,2,1000,0.05281951900505,FALSE,1e-04,"ARL",TRUE,"oracle","joint",981.406666666667,19.2233333333333,0.08,1
0,2,1000,0.05281951900505,FALSE,1e-04,"ARL",TRUE,"misspec","joint",1268.77,288.186666666667,0.0266666666666667,1
0,2,1000,0.05281951900505,FALSE,1e-04,"ARL",TRUE,"bounded","average",1036.71666666667,39.1433333333333,0.01,1
0,2,1000,0.05281951900505,FALSE,1e-04,"ARL",TRUE,"bounded","product",1015.65,29.8333333333333,0.0433333333333333,1
1,2,1000,0.05281951900505,FALSE,1e-04,"ARL",TRUE,"oracle","joint",992.416666666667,43.2766666666667,0.0866666666666667,1
1,2,1000,0.05281951900505,FALSE,1e-04,"ARL",TRUE,"misspec","joint",Inf,339.461538461538,0.0366666666666667,0.996666666666667
1,2,1000,0.05281951900505,FALSE,1e-04,"ARL",TRUE,"bounded","average",474.993333333333,38.61,0.986666666666667,1
1,2,1000,0.05281951900505,FALSE,1e-04,"ARL",TRUE,"bounded","product",336.416666666667,26.5866666666667,0.99,1
0,10,1000,0.05281951900505,FALSE,1e-04,"ARL",TRUE,"oracle","joint",985.46,19.3533333333333,0.0633333333333333,1
0,10,1000,0.05281951900505,FALSE,1e-04,"ARL",TRUE,"misspec","joint",Inf,967.537313432836,0.00666666666666667,0.223333333333333
0,10,1000,0.05281951900505,FALSE,1e-04,"ARL",TRUE,"bounded","average",1079.30333333333,79.3033333333333,0,1
0,10,1000,0.05281951900505,FALSE,1e-04,"ARL",TRUE,"bounded","product",1002.76333333333,27.89,0.0633333333333333,1
1,10,1000,0.05281951900505,FALSE,1e-04,"ARL",TRUE,"oracle","joint",1016.25,43.3866666666667,0.05,1
1,10,1000,0.05281951900505,FALSE,1e-04,"ARL",TRUE,"misspec","joint",Inf,951.214285714286,0.983333333333333,0.466666666666667
1,10,1000,0.05281951900505,FALSE,1e-04,"ARL",TRUE,"bounded","average",427.203333333333,81.95,1,1
1,10,1000,0.05281951900505,FALSE,1e-04,"ARL",TRUE,"bounded","product",97.2633333333333,15.7433333333333,1,1
0,2,10,0.0623840960113455,FALSE,1e-04,"ARL",TRUE,"oracle","joint",24.66,14.66,0,1
0,2,10,0.0623840960113455,FALSE,1e-04,"ARL",TRUE,"misspec","joint",157.216666666667,147.216666666667,0,1
0,2,10,0.0623840960113455,FALSE,1e-04,"ARL",TRUE,"bounded","average",78.27,68.27,0,1
0,2,10,0.0623840960113455,FALSE,1e-04,"ARL",TRUE,"bounded","product",51.8833333333333,41.8833333333333,0,1
1,2,10,0.0623840960113455,FALSE,1e-04,"ARL",TRUE,"oracle","joint",43.52,33.52,0,1
1,2,10,0.0623840960113455,FALSE,1e-04,"ARL",TRUE,"misspec","joint",208.48,199.156666666667,0.01,1
1,2,10,0.0623840960113455,FALSE,1e-04,"ARL",TRUE,"bounded","average",79.4233333333333,69.4233333333333,0,1
1,2,10,0.0623840960113455,FALSE,1e-04,"ARL",TRUE,"bounded","product",51.9133333333333,41.9133333333333,0,1
0,10,10,0.0623840960113455,FALSE,1e-04,"ARL",TRUE,"oracle","joint",25.17,15.17,0,1
0,10,10,0.0623840960113455,FALSE,1e-04,"ARL",TRUE,"misspec","joint",Inf,1393.77586206897,0,0.386666666666667
0,10,10,0.0623840960113455,FALSE,1e-04,"ARL",TRUE,"bounded","average",158.113333333333,148.113333333333,0,1
0,10,10,0.0623840960113455,FALSE,1e-04,"ARL",TRUE,"bounded","product",42.33,32.33,0,1
1,10,10,0.0623840960113455,FALSE,1e-04,"ARL",TRUE,"oracle","joint",41.48,31.48,0,1
1,10,10,0.0623840960113455,FALSE,1e-04,"ARL",TRUE,"misspec","joint",Inf,1191.23451327434,0.986666666666667,0.753333333333333
1,10,10,0.0623840960113455,FALSE,1e-04,"ARL",TRUE,"bounded","average",143.443333333333,133.443333333333,0,1
1,10,10,0.0623840960113455,FALSE,1e-04,"ARL",TRUE,"bounded","product",37.4333333333333,27.4333333333333,0,1
0,2,1000,0.0623840960113455,FALSE,1e-04,"ARL",TRUE,"oracle","joint",981.896666666667,14.3366666666667,0.0733333333333333,1
0,2,1000,0.0623840960113455,FALSE,1e-04,"ARL",TRUE,"misspec","joint",1146.85333333333,160.133333333333,0.02,1
0,2,1000,0.0623840960113455,FALSE,1e-04,"ARL",TRUE,"bounded","average",1026.17,32.4066666666667,0.02,1
0,2,1000,0.0623840960113455,FALSE,1e-04,"ARL",TRUE,"bounded","product",1001.31,24.6833333333333,0.0566666666666667,1
1,2,1000,0.0623840960113455,FALSE,1e-04,"ARL",TRUE,"oracle","joint",1006.48666666667,32.53,0.0433333333333333,1
1,2,1000,0.0623840960113455,FALSE,1e-04,"ARL",TRUE,"misspec","joint",1165.62,202.486666666667,0.0433333333333333,1
1,2,1000,0.0623840960113455,FALSE,1e-04,"ARL",TRUE,"bounded","average",490.093333333333,35.0766666666667,0.996666666666667,1
1,2,1000,0.0623840960113455,FALSE,1e-04,"ARL",TRUE,"bounded","product",335.283333333333,22.1433333333333,0.996666666666667,1
0,10,1000,0.0623840960113455,FALSE,1e-04,"ARL",TRUE,"oracle","joint",996.063333333333,14.73,0.0366666666666667,1
0,10,1000,0.0623840960113455,FALSE,1e-04,"ARL",TRUE,"misspec","joint",Inf,978.120879120879,0.00333333333333333,0.303333333333333
0,10,1000,0.0623840960113455,FALSE,1e-04,"ARL",TRUE,"bounded","average",1063.94,63.94,0,1
0,10,1000,0.0623840960113455,FALSE,1e-04,"ARL",TRUE,"bounded","product",994.9,22.08,0.0733333333333333,1
1,10,1000,0.0623840960113455,FALSE,1e-04,"ARL",TRUE,"oracle","joint",989.696666666667,32.1366666666667,0.0833333333333333,1
1,10,1000,0.0623840960113455,FALSE,1e-04,"ARL",TRUE,"misspec","joint",Inf,878.60736196319,0.986666666666667,0.543333333333333
1,10,1000,0.0623840960113455,FALSE,1e-04,"ARL",TRUE,"bounded","average",427.746666666667,72.3966666666667,1,1
1,10,1000,0.0623840960113455,FALSE,1e-04,"ARL",TRUE,"bounded","product",95.0733333333333,13.9133333333333,1,1
0,2,10,0.0736806299728077,FALSE,1e-04,"ARL",TRUE,"oracle","joint",21.1833333333333,11.1833333333333,0,1
0,2,10,0.0736806299728077,FALSE,1e-04,"ARL",TRUE,"misspec","joint",93.49,83.49,0,1
0,2,10,0.0736806299728077,FALSE,1e-04,"ARL",TRUE,"bounded","average",68.62,58.62,0,1
0,2,10,0.0736806299728077,FALSE,1e-04,"ARL",TRUE,"bounded","product",45.2233333333333,35.2233333333333,0,1
1,2,10,0.0736806299728077,FALSE,1e-04,"ARL",TRUE,"oracle","joint",36.22,26.22,0,1
1,2,10,0.0736806299728077,FALSE,1e-04,"ARL",TRUE,"misspec","joint",139.49,130.966666666667,0.0133333333333333,1
1,2,10,0.0736806299728077,FALSE,1e-04,"ARL",TRUE,"bounded","average",70.3966666666667,60.3966666666667,0,1
1,2,10,0.0736806299728077,FALSE,1e-04,"ARL",TRUE,"bounded","product",46.0666666666667,36.0666666666667,0,1
0,10,10,0.0736806299728077,FALSE,1e-04,"ARL",TRUE,"oracle","joint",21.4266666666667,11.4266666666667,0,1
0,10,10,0.0736806299728077,FALSE,1e-04,"ARL",TRUE,"misspec","joint",Inf,1251.70050761421,0,0.656666666666667
0,10,10,0.0736806299728077,FALSE,1e-04,"ARL",TRUE,"bounded","average",133.47,123.47,0,1
0,10,10,0.0736806299728077,FALSE,1e-04,"ARL",TRUE,"bounded","product",37.7,27.7,0,1
1,10,10,0.0736806299728077,FALSE,1e-04,"ARL",TRUE,"oracle","joint",32.0166666666667,22.0166666666667,0,1
1,10,10,0.0736806299728077,FALSE,1e-04,"ARL",TRUE,"misspec","joint",Inf,1011.76862745098,0.986666666666667,0.85
1,10,10,0.0736806299728077,FALSE,1e-04,"ARL",TRUE,"bounded","average",126.853333333333,116.853333333333,0,1
1,10,10,0.0736806299728077,FALSE,1e-04,"ARL",TRUE,"bounded","product",34.41,24.41,0,1
0,2,1000,0.0736806299728077,FALSE,1e-04,"ARL",TRUE,"oracle","joint",990.126666666667,11.1966666666667,0.0433333333333333,1
0,2,1000,0.0736806299728077,FALSE,1e-04,"ARL",TRUE,"misspec","joint",1076.04,81.4066666666666,0.0133333333333333,1
0,2,1000,0.0736806299728077,FALSE,1e-04,"ARL",TRUE,"bounded","average",1024.2,26.9966666666667,0.0133333333333333,1
0,2,1000,0.0736806299728077,FALSE,1e-04,"ARL",TRUE,"bounded","product",1003.59666666667,20.2133333333333,0.05,1
1,2,1000,0.0736806299728077,FALSE,1e-04,"ARL",TRUE,"oracle","joint",993.52,26.44,0.0766666666666667,1
1,2,1000,0.0736806299728077,FALSE,1e-04,"ARL",TRUE,"misspec","joint",1094.89,128.74,0.0433333333333333,1
1,2,1000,0.0736806299728077,FALSE,1e-04,"ARL",TRUE,"bounded","average",482.026666666667,28.3033333333333,0.986666666666667,1
1,2,1000,0.0736806299728077,FALSE,1e-04,"ARL",TRUE,"bounded","product",341.333333333333,18.8866666666667,0.993333333333333,1
0,10,1000,0.0736806299728077,FALSE,1e-04,"ARL",TRUE,"oracle","joint",991.78,10.89,0.04,1
0,10,1000,0.0736806299728077,FALSE,1e-04,"ARL",TRUE,"misspec","joint",Inf,923.315789473684,0,0.443333333333333
0,10,1000,0.0736806299728077,FALSE,1e-04,"ARL",TRUE,"bounded","average",1052.83333333333,52.8333333333333,0,1
0,10,1000,0.0736806299728077,FALSE,1e-04,"ARL",TRUE,"bounded","product",989.73,17.65,0.0533333333333333,1
1,10,1000,0.0736806299728077,FALSE,1e-04,"ARL",TRUE,"oracle","joint",985.913333333333,24.9733333333333,0.06,1
1,10,1000,0.0736806299728077,FALSE,1e-04,"ARL",TRUE,"misspec","joint",Inf,815.882608695652,0.96,0.766666666666667
1,10,1000,0.0736806299728077,FALSE,1e-04,"ARL",TRUE,"bounded","average",421.426666666667,62.16,1,1
1,10,1000,0.0736806299728077,FALSE,1e-04,"ARL",TRUE,"bounded","product",92.4266666666667,13.08,1,1
0,2,10,0.0870227442616544,FALSE,1e-04,"ARL",TRUE,"oracle","joint",18.49,8.49,0,1
0,2,10,0.0870227442616544,FALSE,1e-04,"ARL",TRUE,"misspec","joint",58.42,48.42,0,1
0,2,10,0.0870227442616544,FALSE,1e-04,"ARL",TRUE,"bounded","average",60.75,50.75,0,1
0,2,10,0.0870227442616544,FALSE,1e-04,"ARL",TRUE,"bounded","product",40.5733333333333,30.5733333333333,0,1
1,2,10,0.0870227442616544,FALSE,1e-04,"ARL",TRUE,"oracle","joint",30.33,20.33,0,1
1,2,10,0.0870227442616544,FALSE,1e-04,"ARL",TRUE,"misspec","joint",88.4033333333333,81.7166666666666,0.0333333333333333,1
1,2,10,0.0870227442616544,FALSE,1e-04,"ARL",TRUE,"bounded","average",61.84,51.84,0,1
1,2,10,0.0870227442616544,FALSE,1e-04,"ARL",TRUE,"bounded","product",40.91,30.91,0,1
0,10,10,0.0870227442616544,FALSE,1e-04,"ARL",TRUE,"oracle","joint",18.3,8.3,0,1
0,10,10,0.0870227442616544,FALSE,1e-04,"ARL",TRUE,"misspec","joint",Inf,1064.76229508197,0,0.813333333333333
0,10,10,0.0870227442616544,FALSE,1e-04,"ARL",TRUE,"bounded","average",112.85,102.85,0,1
0,10,10,0.0870227442616544,FALSE,1e-04,"ARL",TRUE,"bounded","product",33.3233333333333,23.3233333333333,0,1
1,10,10,0.0870227442616544,FALSE,1e-04,"ARL",TRUE,"oracle","joint",27.0433333333333,17.65,0.02,1
1,10,10,0.0870227442616544,FALSE,1e-04,"ARL",TRUE,"misspec","joint",21.2833333333334,758.534013605442,0.976666666666667,0.98
1,10,10,0.0870227442616544,FALSE,1e-04,"ARL",TRUE,"bounded","average",110.893333333333,100.893333333333,0,1
1,10,10,0.0870227442616544,FALSE,1e-04,"ARL",TRUE,"bounded","product",31.2266666666667,21.2266666666667,0,1
0,2,1000,0.0870227442616544,FALSE,1e-04,"ARL",TRUE,"oracle","joint",983.086666666667,8.37333333333333,0.0533333333333333,1
0,2,1000,0.0870227442616544,FALSE,1e-04,"ARL",TRUE,"misspec","joint",1043.46666666667,44.93,0.00333333333333333,1
0,2,1000,0.0870227442616544,FALSE,1e-04,"ARL",TRUE,"bounded","average",1019.08333333333,23.7366666666667,0.0233333333333333,1
0,2,1000,0.0870227442616544,FALSE,1e-04,"ARL",TRUE,"bounded","product",993.403333333333,17.6266666666667,0.0666666666666667,1
1,2,1000,0.0870227442616544,FALSE,1e-04,"ARL",TRUE,"oracle","joint",982.683333333333,19.03,0.0633333333333333,1
1,2,1000,0.0870227442616544,FALSE,1e-04,"ARL",TRUE,"misspec","joint",1032.88,69.8,0.0433333333333333,1
1,2,1000,0.0870227442616544,FALSE,1e-04,"ARL",TRUE,"bounded","average",472.973333333333,23.5033333333333,0.98,1
1,2,1000,0.0870227442616544,FALSE,1e-04,"ARL",TRUE,"bounded","product",339.743333333333,16.7466666666667,0.986666666666667,1
0,10,1000,0.0870227442616544,FALSE,1e-04,"ARL",TRUE,"oracle","joint",992.16,8.33666666666667,0.03,1
0,10,1000,0.0870227442616544,FALSE,1e-04,"ARL",TRUE,"misspec","joint",Inf,792.009345794393,0,0.713333333333333
0,10,1000,0.0870227442616544,FALSE,1e-04,"ARL",TRUE,"bounded","average",1043.65333333333,43.6533333333333,0,1
0,10,1000,0.0870227442616544,FALSE,1e-04,"ARL",TRUE,"bounded","product",961.556666666667,14.63,0.0966666666666667,1
1,10,1000,0.0870227442616544,FALSE,1e-04,"ARL",TRUE,"oracle","joint",976.283333333333,19.34,0.07,1
1,10,1000,0.0870227442616544,FALSE,1e-04,"ARL",TRUE,"misspec","joint",22.4933333333333,658.598484848485,0.986666666666667,0.88
1,10,1000,0.0870227442616544,FALSE,1e-04,"ARL",TRUE,"bounded","average",425.463333333333,52.8233333333333,1,1
1,10,1000,0.0870227442616544,FALSE,1e-04,"ARL",TRUE,"bounded","product",96.2833333333333,10.7266666666667,1,1
0,2,10,0.102780853280219,FALSE,1e-04,"ARL",TRUE,"oracle","joint",16.3666666666667,6.36666666666667,0,1
0,2,10,0.102780853280219,FALSE,1e-04,"ARL",TRUE,"misspec","joint",35.9366666666667,25.9366666666667,0,1
0,2,10,0.102780853280219,FALSE,1e-04,"ARL",TRUE,"bounded","average",54.28,44.28,0,1
0,2,10,0.102780853280219,FALSE,1e-04,"ARL",TRUE,"bounded","product",36.5966666666667,26.5966666666667,0,1
1,2,10,0.102780853280219,FALSE,1e-04,"ARL",TRUE,"oracle","joint",24.4433333333333,14.4433333333333,0,1
1,2,10,0.102780853280219,FALSE,1e-04,"ARL",TRUE,"misspec","joint",58.1733333333333,49.1,0.02,1
1,2,10,0.102780853280219,FALSE,1e-04,"ARL",TRUE,"bounded","average",55.4766666666667,45.4766666666667,0,1
1,2,10,0.102780853280219,FALSE,1e-04,"ARL",TRUE,"bounded","product",37.7366666666667,27.7366666666667,0,1
0,10,10,0.102780853280219,FALSE,1e-04,"ARL",TRUE,"oracle","joint",16.47,6.47,0,1
0,10,10,0.102780853280219,FALSE,1e-04,"ARL",TRUE,"misspec","joint",Inf,731.469178082192,0,0.973333333333333
0,10,10,0.102780853280219,FALSE,1e-04,"ARL",TRUE,"bounded","average",97.4733333333333,87.4733333333333,0,1
0,10,10,0.102780853280219,FALSE,1e-04,"ARL",TRUE,"bounded","product",30.4033333333333,20.4033333333333,0,1
1,10,10,0.102780853280219,FALSE,1e-04,"ARL",TRUE,"oracle","joint",22.31,13.2666666666667,0.0433333333333333,1
1,10,10,0.102780853280219,FALSE,1e-04,"ARL",TRUE,"misspec","joint",4.99666666666666,485.386666666667,0.986666666666667,1
1,10,10,0.102780853280219,FALSE,1e-04,"ARL",TRUE,"bounded","average",97.6933333333333,87.6933333333333,0,1
1,10,10,0.102780853280219,FALSE,1e-04,"ARL",TRUE,"bounded","product",28.76,18.76,0,1
0,2,1000,0.102780853280219,FALSE,1e-04,"ARL",TRUE,"oracle","joint",987.046666666667,6.35,0.04,1
0,2,1000,0.102780853280219,FALSE,1e-04,"ARL",TRUE,"misspec","joint",1019.27666666667,27.0033333333333,0.0133333333333333,1
0,2,1000,0.102780853280219,FALSE,1e-04,"ARL",TRUE,"bounded","average",1015.32666666667,20.04,0.02,1
0,2,1000,0.102780853280219,FALSE,1e-04,"ARL",TRUE,"bounded","product",986.44,14.8566666666667,0.0766666666666667,1
1,2,1000,0.102780853280219,FALSE,1e-04,"ARL",TRUE,"oracle","joint",996.606666666667,14.4133333333333,0.0466666666666667,1
1,2,1000,0.102780853280219,FALSE,1e-04,"ARL",TRUE,"misspec","joint",1004.22333333333,44.41,0.0466666666666667,1
1,2,1000,0.102780853280219,FALSE,1e-04,"ARL",TRUE,"bounded","average",472.49,20.84,0.986666666666667,1
1,2,1000,0.102780853280219,FALSE,1e-04,"ARL",TRUE,"bounded","product",335.48,13.76,0.996666666666667,1
0,10,1000,0.102780853280219,FALSE,1e-04,"ARL",TRUE,"oracle","joint",994.77,6.40666666666667,0.0266666666666667,1
0,10,1000,0.102780853280219,FALSE,1e-04,"ARL",TRUE,"misspec","joint",Inf,683.85393258427,0,0.89
0,10,1000,0.102780853280219,FALSE,1e-04,"ARL",TRUE,"bounded","average",1036.08666666667,36.0866666666667,0,1
0,10,1000,0.102780853280219,FALSE,1e-04,"ARL",TRUE,"bounded","product",984.64,12.1866666666667,0.0666666666666667,1
1,10,1000,0.102780853280219,FALSE,1e-04,"ARL",TRUE,"oracle","joint",924.063333333333,14.59,0.12,1
1,10,1000,0.102780853280219,FALSE,1e-04,"ARL",TRUE,"misspec","joint",22.6933333333333,457.269624573379,0.983333333333333,0.976666666666667
1,10,1000,0.102780853280219,FALSE,1e-04,"ARL",TRUE,"bounded","average",424.82,46.81,1,1
1,10,1000,0.102780853280219,FALSE,1e-04,"ARL",TRUE,"bounded","product",97.4866666666667,9.57666666666667,1,1
0,2,10,0.121392446200583,FALSE,1e-04,"ARL",TRUE,"oracle","joint",14.96,4.99,0.00333333333333333,1
0,2,10,0.121392446200583,FALSE,1e-04,"ARL",TRUE,"misspec","joint",24.2933333333333,14.2933333333333,0,1
0,2,10,0.121392446200583,FALSE,1e-04,"ARL",TRUE,"bounded","average",48.4233333333333,38.4233333333333,0,1
0,2,10,0.121392446200583,FALSE,1e-04,"ARL",TRUE,"bounded","product",32.89,22.89,0,1
1,2,10,0.121392446200583,FALSE,1e-04,"ARL",TRUE,"oracle","joint",21.81,11.81,0,1
1,2,10,0.121392446200583,FALSE,1e-04,"ARL",TRUE,"misspec","joint",37.5766666666667,29.3966666666667,0.04,1
1,2,10,0.121392446200583,FALSE,1e-04,"ARL",TRUE,"bounded","average",48.8666666666667,38.8666666666667,0,1
1,2,10,0.121392446200583,FALSE,1e-04,"ARL",TRUE,"bounded","product",33.2233333333333,23.2233333333333,0,1
0,10,10,0.121392446200583,FALSE,1e-04,"ARL",TRUE,"oracle","joint",14.8466666666667,4.84666666666667,0,1
0,10,10,0.121392446200583,FALSE,1e-04,"ARL",TRUE,"misspec","joint",430.566666666667,420.566666666667,0,1
0,10,10,0.121392446200583,FALSE,1e-04,"ARL",TRUE,"bounded","average",84.77,74.77,0,1
0,10,10,0.121392446200583,FALSE,1e-04,"ARL",TRUE,"bounded","product",27.4633333333333,17.4633333333333,0,1
1,10,10,0.121392446200583,FALSE,1e-04,"ARL",TRUE,"oracle","joint",17.9,10.3666666666667,0.136666666666667,1
1,10,10,0.121392446200583,FALSE,1e-04,"ARL",TRUE,"misspec","joint",12.3566666666667,246.566666666667,0.97,1
1,10,10,0.121392446200583,FALSE,1e-04,"ARL",TRUE,"bounded","average",85.6833333333333,75.6833333333333,0,1
1,10,10,0.121392446200583,FALSE,1e-04,"ARL",TRUE,"bounded","product",26.4766666666667,16.4766666666667,0,1
0,2,1000,0.121392446200583,FALSE,1e-04,"ARL",TRUE,"oracle","joint",991.803333333333,4.80333333333333,0.03,1
0,2,1000,0.121392446200583,FALSE,1e-04,"ARL",TRUE,"misspec","joint",1015.25666666667,15.2566666666667,0,1
0,2,1000,0.121392446200583,FALSE,1e-04,"ARL",TRUE,"bounded","average",1013.11,16.83,0.01,1
0,2,1000,0.121392446200583,FALSE,1e-04,"ARL",TRUE,"bounded","product",979.546666666667,12.8366666666667,0.0766666666666667,1
1,2,1000,0.121392446200583,FALSE,1e-04,"ARL",TRUE,"oracle","joint",977.03,10.9566666666667,0.0633333333333333,1
1,2,1000,0.121392446200583,FALSE,1e-04,"ARL",TRUE,"misspec","joint",999.383333333333,26.2166666666667,0.03,1
1,2,1000,0.121392446200583,FALSE,1e-04,"ARL",TRUE,"bounded","average",486.563333333333,18.3466666666667,0.986666666666667,1
1,2,1000,0.121392446200583,FALSE,1e-04,"ARL",TRUE,"bounded","product",336.063333333333,12.24,0.996666666666667,1
0,10,1000,0.121392446200583,FALSE,1e-04,"ARL",TRUE,"oracle","joint",990.2,4.89,0.0266666666666667,1
0,10,1000,0.121392446200583,FALSE,1e-04,"ARL",TRUE,"misspec","joint",Inf,393.843537414966,0,0.98
0,10,1000,0.121392446200583,FALSE,1e-04,"ARL",TRUE,"bounded","average",1030.78333333333,30.7833333333333,0,1
0,10,1000,0.121392446200583,FALSE,1e-04,"ARL",TRUE,"bounded","product",980.523333333333,10.2566666666667,0.0666666666666667,1
1,10,1000,0.121392446200583,FALSE,1e-04,"ARL",TRUE,"oracle","joint",893.74,11.62,0.126666666666667,1
1,10,1000,0.121392446200583,FALSE,1e-04,"ARL",TRUE,"misspec","joint",38.1733333333333,257.363333333333,0.97,1
1,10,1000,0.121392446200583,FALSE,1e-04,"ARL",TRUE,"bounded","average",438.766666666667,38.86,1,1
1,10,1000,0.121392446200583,FALSE,1e-04,"ARL",TRUE,"bounded","product",104.076666666667,8.09666666666667,1,1
0,2,10,0.143374232887377,FALSE,1e-04,"ARL",TRUE,"oracle","joint",13.8633333333333,3.86333333333333,0,1
0,2,10,0.143374232887377,FALSE,1e-04,"ARL",TRUE,"misspec","joint",19.1133333333333,9.11333333333334,0,1
0,2,10,0.143374232887377,FALSE,1e-04,"ARL",TRUE,"bounded","average",43.5133333333333,33.5133333333333,0,1
0,2,10,0.143374232887377,FALSE,1e-04,"ARL",TRUE,"bounded","product",29.8766666666667,19.8766666666667,0,1
1,2,10,0.143374232887377,FALSE,1e-04,"ARL",TRUE,"oracle","joint",18.42,8.48333333333333,0.00666666666666667,1
1,2,10,0.143374232887377,FALSE,1e-04,"ARL",TRUE,"misspec","joint",26.87,17.3166666666667,0.0233333333333333,1
1,2,10,0.143374232887377,FALSE,1e-04,"ARL",TRUE,"bounded","average",43.8866666666667,33.8866666666667,0,1
1,2,10,0.143374232887377,FALSE,1e-04,"ARL",TRUE,"bounded","product",30.1466666666667,20.1466666666667,0,1
0,10,10,0.143374232887377,FALSE,1e-04,"ARL",TRUE,"oracle","joint",13.86,3.86,0,1
0,10,10,0.143374232887377,FALSE,1e-04,"ARL",TRUE,"misspec","joint",211.263333333333,201.263333333333,0,1
0,10,10,0.143374232887377,FALSE,1e-04,"ARL",TRUE,"bounded","average",74.3833333333333,64.3833333333333,0,1
0,10,10,0.143374232887377,FALSE,1e-04,"ARL",TRUE,"bounded","product",24.9266666666667,14.9266666666667,0,1
1,10,10,0.143374232887377,FALSE,1e-04,"ARL",TRUE,"oracle","joint",12.6766666666667,8.26,0.333333333333333,1
1,10,10,0.143374232887377,FALSE,1e-04,"ARL",TRUE,"misspec","joint",5.00333333333334,137.94,0.966666666666667,1
1,10,10,0.143374232887377,FALSE,1e-04,"ARL",TRUE,"bounded","average",75.2733333333333,65.2733333333333,0,1
1,10,10,0.143374232887377,FALSE,1e-04,"ARL",TRUE,"bounded","product",24.6233333333333,14.6233333333333,0,1
0,2,1000,0.143374232887377,FALSE,1e-04,"ARL",TRUE,"oracle","joint",991.916666666667,3.92,0.0233333333333333,1
0,2,1000,0.143374232887377,FALSE,1e-04,"ARL",TRUE,"misspec","joint",1007.88,9.60666666666667,0.00333333333333333,1
0,2,1000,0.143374232887377,FALSE,1e-04,"ARL",TRUE,"bounded","average",1014.16333333333,15.08,0.00333333333333333,1
0,2,1000,0.143374232887377,FALSE,1e-04,"ARL",TRUE,"bounded","product",994.026666666667,11.45,0.0433333333333333,1
1,2,1000,0.143374232887377,FALSE,1e-04,"ARL",TRUE,"oracle","joint",991.25,8.33,0.0433333333333333,1
1,2,1000,0.143374232887377,FALSE,1e-04,"ARL",TRUE,"misspec","joint",958.36,17.5933333333333,0.0666666666666667,1
1,2,1000,0.143374232887377,FALSE,1e-04,"ARL",TRUE,"bounded","average",469.73,14.7533333333333,0.996666666666667,1
1,2,1000,0.143374232887377,FALSE,1e-04,"ARL",TRUE,"bounded","product",328.456666666667,10.7333333333333,1,1
0,10,1000,0.143374232887377,FALSE,1e-04,"ARL",TRUE,"oracle","joint",997.953333333333,3.74,0.0233333333333333,1
0,10,1000,0.143374232887377,FALSE,1e-04,"ARL",TRUE,"misspec","joint",1205.84,205.84,0,1
0,10,1000,0.143374232887377,FALSE,1e-04,"ARL",TRUE,"bounded","average",1026.19,26.19,0,1
0,10,1000,0.143374232887377,FALSE,1e-04,"ARL",TRUE,"bounded","product",949.866666666667,8.62,0.12,1
1,10,1000,0.143374232887377,FALSE,1e-04,"ARL",TRUE,"oracle","joint",683.44,8.5,0.333333333333333,1
1,10,1000,0.143374232887377,FALSE,1e-04,"ARL",TRUE,"misspec","joint",23.0233333333333,136.356666666667,0.98,1
1,10,1000,0.143374232887377,FALSE,1e-04,"ARL",TRUE,"bounded","average",422.96,32.22,1,1
1,10,1000,0.143374232887377,FALSE,1e-04,"ARL",TRUE,"bounded","product",99.33,7.06666666666667,1,1
0,2,10,0.169336489208544,FALSE,1e-04,"ARL",TRUE,"oracle","joint",12.9,2.9,0,1
0,2,10,0.169336489208544,FALSE,1e-04,"ARL",TRUE,"misspec","joint",15.7866666666667,5.78666666666667,0,1
0,2,10,0.169336489208544,FALSE,1e-04,"ARL",TRUE,"bounded","average",39.35,29.35,0,1
0,2,10,0.169336489208544,FALSE,1e-04,"ARL",TRUE,"bounded","product",27.3966666666667,17.3966666666667,0,1
1,2,10,0.169336489208544,FALSE,1e-04,"ARL",TRUE,"oracle","joint",16.2833333333333,6.33333333333333,0.00333333333333333,1
1,2,10,0.169336489208544,FALSE,1e-04,"ARL",TRUE,"misspec","joint",19.6966666666667,11.11,0.0666666666666667,1
1,2,10,0.169336489208544,FALSE,1e-04,"ARL",TRUE,"bounded","average",39.5733333333333,29.5733333333333,0,1
1,2,10,0.169336489208544,FALSE,1e-04,"ARL",TRUE,"bounded","product",27.7866666666667,17.7866666666667,0,1
0,10,10,0.169336489208544,FALSE,1e-04,"ARL",TRUE,"oracle","joint",12.91,2.91,0,1
0,10,10,0.169336489208544,FALSE,1e-04,"ARL",TRUE,"misspec","joint",92.18,82.18,0,1
0,10,10,0.169336489208544,FALSE,1e-04,"ARL",TRUE,"bounded","average",65.71,55.71,0,1
0,10,10,0.169336489208544,FALSE,1e-04,"ARL",TRUE,"bounded","product",23,13,0,1
1,10,10,0.169336489208544,FALSE,1e-04,"ARL",TRUE,"oracle","joint",7.83666666666666,6.56,0.563333333333333,1
1,10,10,0.169336489208544,FALSE,1e-04,"ARL",TRUE,"misspec","joint",2.36333333333334,64.24,0.976666666666667,1
1,10,10,0.169336489208544,FALSE,1e-04,"ARL",TRUE,"bounded","average",66.4133333333333,56.4133333333333,0,1
1,10,10,0.169336489208544,FALSE,1e-04,"ARL",TRUE,"bounded","product",22.9333333333333,12.9333333333333,0,1
0,2,1000,0.169336489208544,FALSE,1e-04,"ARL",TRUE,"oracle","joint",988.776666666667,2.89,0.0233333333333333,1
0,2,1000,0.169336489208544,FALSE,1e-04,"ARL",TRUE,"misspec","joint",1005.57666666667,5.57666666666667,0,1
0,2,1000,0.169336489208544,FALSE,1e-04,"ARL",TRUE,"bounded","average",1012.69666666667,13.37,0.00666666666666667,1
0,2,1000,0.169336489208544,FALSE,1e-04,"ARL",TRUE,"bounded","product",987.4,9.66,0.0633333333333333,1
1,2,1000,0.169336489208544,FALSE,1e-04,"ARL",TRUE,"oracle","joint",977.193333333333,6.39333333333333,0.0533333333333333,1
1,2,1000,0.169336489208544,FALSE,1e-04,"ARL",TRUE,"misspec","joint",966.016666666667,11.2633333333333,0.0566666666666667,1
1,2,1000,0.169336489208544,FALSE,1e-04,"ARL",TRUE,"bounded","average",473.996666666667,13.8366666666667,0.986666666666667,1
1,2,1000,0.169336489208544,FALSE,1e-04,"ARL",TRUE,"bounded","product",327.32,8.92,0.99,1
0,10,1000,0.169336489208544,FALSE,1e-04,"ARL",TRUE,"oracle","joint",993.1,2.98666666666667,0.0233333333333333,1
0,10,1000,0.169336489208544,FALSE,1e-04,"ARL",TRUE,"misspec","joint",1084.30666666667,84.3066666666667,0,1
0,10,1000,0.169336489208544,FALSE,1e-04,"ARL",TRUE,"bounded","average",1021.95666666667,21.9566666666667,0,1
0,10,1000,0.169336489208544,FALSE,1e-04,"ARL",TRUE,"bounded","product",979.57,7.44666666666667,0.0566666666666667,1
1,10,1000,0.169336489208544,FALSE,1e-04,"ARL",TRUE,"oracle","joint",409.356666666667,6.37666666666667,0.596666666666667,1
1,10,1000,0.169336489208544,FALSE,1e-04,"ARL",TRUE,"misspec","joint",25.99,67.59,0.976666666666667,1
1,10,1000,0.169336489208544,FALSE,1e-04,"ARL",TRUE,"bounded","average",421.326666666667,26.87,1,1
1,10,1000,0.169336489208544,FALSE,1e-04,"ARL",TRUE,"bounded","product",96.2166666666667,6.79666666666667,1,1
0,2,10,0.2,FALSE,1e-04,"ARL",TRUE,"oracle","joint",12.2033333333333,2.20333333333333,0,1
0,2,10,0.2,FALSE,1e-04,"ARL",TRUE,"misspec","joint",13.77,3.77,0,1
0,2,10,0.2,FALSE,1e-04,"ARL",TRUE,"bounded","average",35.64,25.64,0,1
0,2,10,0.2,FALSE,1e-04,"ARL",TRUE,"bounded","product",25.4233333333333,15.4233333333333,0,1
1,2,10,0.2,FALSE,1e-04,"ARL",TRUE,"oracle","joint",15.02,5.06,0.00333333333333333,1
1,2,10,0.2,FALSE,1e-04,"ARL",TRUE,"misspec","joint",16.62,7.76,0.0733333333333333,1
1,2,10,0.2,FALSE,1e-04,"ARL",TRUE,"bounded","average",36.0333333333333,26.0333333333333,0,1
1,2,10,0.2,FALSE,1e-04,"ARL",TRUE,"bounded","product",25.6833333333333,15.6833333333333,0,1
0,10,10,0.2,FALSE,1e-04,"ARL",TRUE,"oracle","joint",12.2466666666667,2.24666666666667,0,1
0,10,10,0.2,FALSE,1e-04,"ARL",TRUE,"misspec","joint",44.6966666666667,34.6966666666667,0,1
0,10,10,0.2,FALSE,1e-04,"ARL",TRUE,"bounded","average",58.4,48.4,0,1
0,10,10,0.2,FALSE,1e-04,"ARL",TRUE,"bounded","product",21.3233333333333,11.3233333333333,0,1
1,10,10,0.2,FALSE,1e-04,"ARL",TRUE,"oracle","joint",3.90666666666667,4.82333333333333,0.793333333333333,1
1,10,10,0.2,FALSE,1e-04,"ARL",TRUE,"misspec","joint",1.56333333333333,35.07,0.986666666666667,1
1,10,10,0.2,FALSE,1e-04,"ARL",TRUE,"bounded","average",59.0733333333333,49.0733333333333,0,1
1,10,10,0.2,FALSE,1e-04,"ARL",TRUE,"bounded","product",21.63,11.63,0,1
0,2,1000,0.2,FALSE,1e-04,"ARL",TRUE,"oracle","joint",991.67,2.31333333333333,0.0233333333333333,1
0,2,1000,0.2,FALSE,1e-04,"ARL",TRUE,"misspec","joint",999.323333333333,3.63333333333333,0.01,1
0,2,1000,0.2,FALSE,1e-04,"ARL",TRUE,"bounded","average",1007.86666666667,11.4566666666667,0.02,1
0,2,1000,0.2,FALSE,1e-04,"ARL",TRUE,"bounded","product",987.366666666667,8.36333333333333,0.07,1
1,2,1000,0.2,FALSE,1e-04,"ARL",TRUE,"oracle","joint",971.733333333333,5.03666666666667,0.0533333333333333,1
1,2,1000,0.2,FALSE,1e-04,"ARL",TRUE,"misspec","joint",956.34,7.57666666666667,0.0633333333333333,1
1,2,1000,0.2,FALSE,1e-04,"ARL",TRUE,"bounded","average",471.886666666667,11.89,0.99,1
1,2,1000,0.2,FALSE,1e-04,"ARL",TRUE,"bounded","product",325.57,8.12,0.996666666666667,1
0,10,1000,0.2,FALSE,1e-04,"ARL",TRUE,"oracle","joint",990.086666666667,2.33666666666667,0.0233333333333333,1
0,10,1000,0.2,FALSE,1e-04,"ARL",TRUE,"misspec","joint",1034.33666666667,34.3366666666667,0,1
0,10,1000,0.2,FALSE,1e-04,"ARL",TRUE,"bounded","average",1018.94666666667,18.9466666666667,0,1
0,10,1000,0.2,FALSE,1e-04,"ARL",TRUE,"bounded","product",985.206666666667,6.39333333333333,0.0433333333333333,1
1,10,1000,0.2,FALSE,1e-04,"ARL",TRUE,"oracle","joint",187.24,4.99333333333333,0.823333333333333,1
1,10,1000,0.2,FALSE,1e-04,"ARL",TRUE,"misspec","joint",25.8033333333334,36.74,0.976666666666667,1
1,10,1000,0.2,FALSE,1e-04,"ARL",TRUE,"bounded","average",427.44,24.3933333333333,1,1
1,10,1000,0.2,FALSE,1e-04,"ARL",TRUE,"bounded","product",98.8933333333333,5.84333333333333,1,1
0,2,10,0,TRUE,1e-04,"ARL",TRUE,"oracle","joint",Inf,NA,0,0
0,2,10,0,TRUE,1e-04,"ARL",TRUE,"misspec","joint",Inf,1253.6,0,0.0666666666666667
0,2,10,0,TRUE,1e-04,"ARL",TRUE,"bounded","average",Inf,1859.45588235294,0,0.226666666666667
0,2,10,0,TRUE,1e-04,"ARL",TRUE,"bounded","product",Inf,1618.95945945946,0,0.246666666666667
1,2,10,0,TRUE,1e-04,"ARL",TRUE,"oracle","joint",Inf,NA,0,0
1,2,10,0,TRUE,1e-04,"ARL",TRUE,"misspec","joint",Inf,1171.75,0,0.12
1,2,10,0,TRUE,1e-04,"ARL",TRUE,"bounded","average",472.833333333333,462.833333333333,0,1
1,2,10,0,TRUE,1e-04,"ARL",TRUE,"bounded","product",337.136666666667,327.136666666667,0,1
0,10,10,0,TRUE,1e-04,"ARL",TRUE,"oracle","joint",Inf,NA,0,0
0,10,10,0,TRUE,1e-04,"ARL",TRUE,"misspec","joint",Inf,1554.75,0,0.0133333333333333
0,10,10,0,TRUE,1e-04,"ARL",TRUE,"bounded","average",Inf,2494.91304347826,0,0.0766666666666667
0,10,10,0,TRUE,1e-04,"ARL",TRUE,"bounded","product",Inf,1565.89473684211,0,0.19
1,10,10,0,TRUE,1e-04,"ARL",TRUE,"oracle","joint",Inf,NA,0,0
1,10,10,0,TRUE,1e-04,"ARL",TRUE,"misspec","joint",Inf,1378.30769230769,0.966666666666667,0.0433333333333333
1,10,10,0,TRUE,1e-04,"ARL",TRUE,"bounded","average",426.84,416.84,0,1
1,10,10,0,TRUE,1e-04,"ARL",TRUE,"bounded","product",95.16,85.16,0,1
0,2,1000,0,TRUE,1e-04,"ARL",TRUE,"oracle","joint",Inf,NA,0,0
0,2,1000,0,TRUE,1e-04,"ARL",TRUE,"misspec","joint",Inf,962.473684210526,0.0233333333333333,0.0633333333333333
0,2,1000,0,TRUE,1e-04,"ARL",TRUE,"bounded","average",Inf,1109.5641025641,0.02,0.13
0,2,1000,0,TRUE,1e-04,"ARL",TRUE,"bounded","product",Inf,1094.2,0.0366666666666667,0.15
1,2,1000,0,TRUE,1e-04,"ARL",TRUE,"oracle","joint",Inf,NA,0,0
1,2,1000,0,TRUE,1e-04,"ARL",TRUE,"misspec","joint",Inf,1069.48148148148,0.04,0.09
1,2,1000,0,TRUE,1e-04,"ARL",TRUE,"bounded","average",491.61,266.6,0.996666666666667,1
1,2,1000,0,TRUE,1e-04,"ARL",TRUE,"bounded","product",339.673333333333,203.943333333333,1,1
0,10,1000,0,TRUE,1e-04,"ARL",TRUE,"oracle","joint",Inf,NA,0,0
0,10,1000,0,TRUE,1e-04,"ARL",TRUE,"misspec","joint",Inf,1314,0,0.01
0,10,1000,0,TRUE,1e-04,"ARL",TRUE,"bounded","average",Inf,1406.08,0,0.0833333333333333
0,10,1000,0,TRUE,1e-04,"ARL",TRUE,"bounded","product",Inf,904.410256410256,0.0866666666666667,0.13
1,10,1000,0,TRUE,1e-04,"ARL",TRUE,"oracle","joint",Inf,NA,0,0
1,10,1000,0,TRUE,1e-04,"ARL",TRUE,"misspec","joint",Inf,902.818181818182,0.96,0.0366666666666667
1,10,1000,0,TRUE,1e-04,"ARL",TRUE,"bounded","average",433.03,254.88,1,1
1,10,1000,0,TRUE,1e-04,"ARL",TRUE,"bounded","product",97.5866666666666,57.73,1,1
0,2,10,0.01,TRUE,1e-04,"ARL",TRUE,"oracle","joint",322.436666666667,312.436666666667,0,1
0,2,10,0.01,TRUE,1e-04,"ARL",TRUE,"misspec","joint",Inf,1342.3125,0,0.213333333333333
0,2,10,0.01,TRUE,1e-04,"ARL",TRUE,"bounded","average",701.986666666667,691.986666666667,0,1
0,2,10,0.01,TRUE,1e-04,"ARL",TRUE,"bounded","product",596.006666666667,586.006666666667,0,1
1,2,10,0.01,TRUE,1e-04,"ARL",TRUE,"oracle","joint",678.776666666667,668.776666666667,0,1
1,2,10,0.01,TRUE,1e-04,"ARL",TRUE,"misspec","joint",Inf,1477.53246753247,0,0.256666666666667
1,2,10,0.01,TRUE,1e-04,"ARL",TRUE,"bounded","average",320.296666666667,310.296666666667,0,1
1,2,10,0.01,TRUE,1e-04,"ARL",TRUE,"bounded","product",214.893333333333,204.893333333333,0,1
0,10,10,0.01,TRUE,1e-04,"ARL",TRUE,"oracle","joint",312.853333333333,302.853333333333,0,1
0,10,10,0.01,TRUE,1e-04,"ARL",TRUE,"misspec","joint",Inf,1805.25,0,0.0266666666666667
0,10,10,0.01,TRUE,1e-04,"ARL",TRUE,"bounded","average",Inf,1847.74729241877,0,0.923333333333333
0,10,10,0.01,TRUE,1e-04,"ARL",TRUE,"bounded","product",Inf,1262.9,0,0.733333333333333
1,10,10,0.01,TRUE,1e-04,"ARL",TRUE,"oracle","joint",679,669,0,1
1,10,10,0.01,TRUE,1e-04,"ARL",TRUE,"misspec","joint",Inf,1462.94117647059,0.96,0.0566666666666667
1,10,10,0.01,TRUE,1e-04,"ARL",TRUE,"bounded","average",390.803333333333,380.803333333333,0,1
1,10,10,0.01,TRUE,1e-04,"ARL",TRUE,"bounded","product",85.9566666666667,75.9566666666667,0,1
0,2,1000,0.01,TRUE,1e-04,"ARL",TRUE,"oracle","joint",1233.34333333333,271.086666666667,0.0566666666666667,1
0,2,1000,0.01,TRUE,1e-04,"ARL",TRUE,"misspec","joint",Inf,1071.33333333333,0.01,0.11
0,2,1000,0.01,TRUE,1e-04,"ARL",TRUE,"bounded","average",Inf,482.28762541806,0.0133333333333333,0.996666666666667
0,2,1000,0.01,TRUE,1e-04,"ARL",TRUE,"bounded","product",Inf,483.28762541806,0.0533333333333333,0.996666666666667
1,2,1000,0.01,TRUE,1e-04,"ARL",TRUE,"oracle","joint",1483.92666666667,530.073333333333,0.0433333333333333,1
1,2,1000,0.01,TRUE,1e-04,"ARL",TRUE,"misspec","joint",Inf,833.34693877551,0.0566666666666667,0.163333333333333
1,2,1000,0.01,TRUE,1e-04,"ARL",TRUE,"bounded","average",482.35,164.146666666667,0.986666666666667,1
1,2,1000,0.01,TRUE,1e-04,"ARL",TRUE,"bounded","product",335.2,122.596666666667,0.99,1
0,10,1000,0.01,TRUE,1e-04,"ARL",TRUE,"oracle","joint",1216.38666666667,265.196666666667,0.07,1
0,10,1000,0.01,TRUE,1e-04,"ARL",TRUE,"misspec","joint",Inf,1260.33333333333,0.0133333333333333,0.01
0,10,1000,0.01,TRUE,1e-04,"ARL",TRUE,"bounded","average",Inf,1132.73251028807,0,0.81
0,10,1000,0.01,TRUE,1e-04,"ARL",TRUE,"bounded","product",Inf,927.483695652174,0.103333333333333,0.613333333333333
1,10,1000,0.01,TRUE,1e-04,"ARL",TRUE,"oracle","joint",Inf,522.211409395973,0.0433333333333333,0.993333333333333
1,10,1000,0.01,TRUE,1e-04,"ARL",TRUE,"misspec","joint",Inf,996.529411764706,0.956666666666667,0.0566666666666667
1,10,1000,0.01,TRUE,1e-04,"ARL",TRUE,"bounded","average",426.13,221.343333333333,1,1
1,10,1000,0.01,TRUE,1e-04,"ARL",TRUE,"bounded","product",98.7733333333333,50.0766666666667,1,1
0,2,10,0.0118108035034134,TRUE,1e-04,"ARL",TRUE,"oracle","joint",242.616666666667,232.616666666667,0,1
0,2,10,0.0118108035034134,TRUE,1e-04,"ARL",TRUE,"misspec","joint",Inf,1277.76,0,0.166666666666667
0,2,10,0.0118108035034134,TRUE,1e-04,"ARL",TRUE,"bounded","average",562.826666666667,552.826666666667,0,1
0,2,10,0.0118108035034134,TRUE,1e-04,"ARL",TRUE,"bounded","product",464.846666666667,454.846666666667,0,1
1,2,10,0.0118108035034134,TRUE,1e-04,"ARL",TRUE,"oracle","joint",553.733333333333,543.733333333333,0,1
1,2,10,0.0118108035034134,TRUE,1e-04,"ARL",TRUE,"misspec","joint",Inf,1370.64367816092,0.00333333333333333,0.29
1,2,10,0.0118108035034134,TRUE,1e-04,"ARL",TRUE,"bounded","average",291.63,281.63,0,1
1,2,10,0.0118108035034134,TRUE,1e-04,"ARL",TRUE,"bounded","product",194.536666666667,184.536666666667,0,1
0,10,10,0.0118108035034134,TRUE,1e-04,"ARL",TRUE,"oracle","joint",245.636666666667,235.636666666667,0,1
0,10,10,0.0118108035034134,TRUE,1e-04,"ARL",TRUE,"misspec","joint",Inf,2107.8,0,0.0166666666666667
0,10,10,0.0118108035034134,TRUE,1e-04,"ARL",TRUE,"bounded","average",Inf,1637.65979381443,0,0.97
0,10,10,0.0118108035034134,TRUE,1e-04,"ARL",TRUE,"bounded","product",Inf,1192.34,0,0.833333333333333
1,10,10,0.0118108035034134,TRUE,1e-04,"ARL",TRUE,"oracle","joint",539.086666666667,529.086666666667,0,1
1,10,10,0.0118108035034134,TRUE,1e-04,"ARL",TRUE,"misspec","joint",Inf,1515.8,0.976666666666667,0.0666666666666667
1,10,10,0.0118108035034134,TRUE,1e-04,"ARL",TRUE,"bounded","average",377.98,367.98,0,1
1,10,10,0.0118108035034134,TRUE,1e-04,"ARL",TRUE,"bounded","product",87.9533333333333,77.9533333333333,0,1
0,2,1000,0.0118108035034134,TRUE,1e-04,"ARL",TRUE,"oracle","joint",1163.66333333333,211.323333333333,0.08,1
0,2,1000,0.0118108035034134,TRUE,1e-04,"ARL",TRUE,"misspec","joint",Inf,1021.12820512821,0.0133333333333333,0.13
0,2,1000,0.0118108035034134,TRUE,1e-04,"ARL",TRUE,"bounded","average",1351.51,362.243333333333,0.0233333333333333,1
0,2,1000,0.0118108035034134,TRUE,1e-04,"ARL",TRUE,"bounded","product",1312.46666666667,360.126666666667,0.0633333333333333,1
1,2,1000,0.0118108035034134,TRUE,1e-04,"ARL",TRUE,"oracle","joint",1401.63666666667,425.606666666667,0.0333333333333333,1
1,2,1000,0.0118108035034134,TRUE,1e-04,"ARL",TRUE,"misspec","joint",Inf,937.6,0.0433333333333333,0.2
1,2,1000,0.0118108035034134,TRUE,1e-04,"ARL",TRUE,"bounded","average",490.9,151.473333333333,0.99,1
1,2,1000,0.0118108035034134,TRUE,1e-04,"ARL",TRUE,"bounded","product",357.59,109.053333333333,0.99,1
0,10,1000,0.0118108035034134,TRUE,1e-04,"ARL",TRUE,"oracle","joint",1150.64,192.566666666667,0.0733333333333333,1
0,10,1000,0.0118108035034134,TRUE,1e-04,"ARL",TRUE,"misspec","joint",Inf,980.857142857143,0,0.0233333333333333
0,10,1000,0.0118108035034134,TRUE,1e-04,"ARL",TRUE,"bounded","average",Inf,1091.13684210526,0,0.95
0,10,1000,0.0118108035034134,TRUE,1e-04,"ARL",TRUE,"bounded","product",Inf,785.600961538462,0.06,0.693333333333333
1,10,1000,0.0118108035034134,TRUE,1e-04,"ARL",TRUE,"oracle","joint",1399.85666666667,441.63,0.0533333333333333,1
1,10,1000,0.0118108035034134,TRUE,1e-04,"ARL",TRUE,"misspec","joint",Inf,811.21052631579,0.956666666666667,0.0633333333333333
1,10,1000,0.0118108035034134,TRUE,1e-04,"ARL",TRUE,"bounded","average",429.48,222.166666666667,1,1
1,10,1000,0.0118108035034134,TRUE,1e-04,"ARL",TRUE,"bounded","product",99.6033333333333,47.5933333333333,1,1
0,2,10,0.0139495079396242,TRUE,1e-04,"ARL",TRUE,"oracle","joint",201.023333333333,191.023333333333,0,1
0,2,10,0.0139495079396242,TRUE,1e-04,"ARL",TRUE,"misspec","joint",Inf,1500.71232876712,0,0.243333333333333
0,2,10,0.0139495079396242,TRUE,1e-04,"ARL",TRUE,"bounded","average",456.863333333333,446.863333333333,0,1
0,2,10,0.0139495079396242,TRUE,1e-04,"ARL",TRUE,"bounded","product",342.166666666667,332.166666666667,0,1
1,2,10,0.0139495079396242,TRUE,1e-04,"ARL",TRUE,"oracle","joint",417.353333333333,407.353333333333,0,1
1,2,10,0.0139495079396242,TRUE,1e-04,"ARL",TRUE,"misspec","joint",Inf,1345,0,0.286666666666667
1,2,10,0.0139495079396242,TRUE,1e-04,"ARL",TRUE,"bounded","average",276.38,266.38,0,1
1,2,10,0.0139495079396242,TRUE,1e-04,"ARL",TRUE,"bounded","product",180.893333333333,170.893333333333,0,1
0,10,10,0.0139495079396242,TRUE,1e-04,"ARL",TRUE,"oracle","joint",199.95,189.95,0,1
0,10,10,0.0139495079396242,TRUE,1e-04,"ARL",TRUE,"misspec","joint",Inf,2028.75,0,0.0133333333333333
0,10,10,0.0139495079396242,TRUE,1e-04,"ARL",TRUE,"bounded","average",1437.74666666667,1427.74666666667,0,1
0,10,10,0.0139495079396242,TRUE,1e-04,"ARL",TRUE,"bounded","product",Inf,975.235915492957,0,0.946666666666667
1,10,10,0.0139495079396242,TRUE,1e-04,"ARL",TRUE,"oracle","joint",437.526666666667,427.526666666667,0,1
1,10,10,0.0139495079396242,TRUE,1e-04,"ARL",TRUE,"misspec","joint",Inf,1799.47368421053,0.993333333333333,0.0633333333333333
1,10,10,0.0139495079396242,TRUE,1e-04,"ARL",TRUE,"bounded","average",376.066666666667,366.066666666667,0,1
1,10,10,0.0139495079396242,TRUE,1e-04,"ARL",TRUE,"bounded","product",83.9866666666667,73.9866666666667,0,1
0,2,1000,0.0139495079396242,TRUE,1e-04,"ARL",TRUE,"oracle","joint",1127.70666666667,164.67,0.06,1
0,2,1000,0.0139495079396242,TRUE,1e-04,"ARL",TRUE,"misspec","joint",Inf,994.490196078431,0.0433333333333333,0.17
0,2,1000,0.0139495079396242,TRUE,1e-04,"ARL",TRUE,"bounded","average",1257.59,274.406666666667,0.03,1
0,2,1000,0.0139495079396242,TRUE,1e-04,"ARL",TRUE,"bounded","product",1188.21333333333,229.136666666667,0.06,1
1,2,1000,0.0139495079396242,TRUE,1e-04,"ARL",TRUE,"oracle","joint",1280.37666666667,350.393333333333,0.0866666666666667,1
1,2,1000,0.0139495079396242,TRUE,1e-04,"ARL",TRUE,"misspec","joint",Inf,1058.44303797468,0.0333333333333333,0.263333333333333
1,2,1000,0.0139495079396242,TRUE,1e-04,"ARL",TRUE,"bounded","average",472.253333333333,134.43,0.996666666666667,1
1,2,1000,0.0139495079396242,TRUE,1e-04,"ARL",TRUE,"bounded","product",332.976666666667,96.0266666666667,1,1
0,10,1000,0.0139495079396242,TRUE,1e-04,"ARL",TRUE,"oracle","joint",1124.69,162.17,0.0666666666666667,1
0,10,1000,0.0139495079396242,TRUE,1e-04,"ARL",TRUE,"misspec","joint",Inf,974.4,0.00666666666666667,0.0166666666666667
0,10,1000,0.0139495079396242,TRUE,1e-04,"ARL",TRUE,"bounded","average",Inf,897.047138047138,0,0.99
0,10,1000,0.0139495079396242,TRUE,1e-04,"ARL",TRUE,"bounded","product",Inf,713.328,0.08,0.833333333333333
1,10,1000,0.0139495079396242,TRUE,1e-04,"ARL",TRUE,"oracle","joint",1265.30333333333,340.24,0.09,1
1,10,1000,0.0139495079396242,TRUE,1e-04,"ARL",TRUE,"misspec","joint",Inf,918.785714285714,0.986666666666667,0.0466666666666667
1,10,1000,0.0139495079396242,TRUE,1e-04,"ARL",TRUE,"bounded","average",429.26,228.266666666667,1,1
1,10,1000,0.0139495079396242,TRUE,1e-04,"ARL",TRUE,"bounded","product",97.2533333333333,45.4633333333333,1,1
0,2,10,0.0164754897244207,TRUE,1e-04,"ARL",TRUE,"oracle","joint",146.26,136.26,0,1
0,2,10,0.0164754897244207,TRUE,1e-04,"ARL",TRUE,"misspec","joint",Inf,1322.97590361446,0,0.276666666666667
0,2,10,0.0164754897244207,TRUE,1e-04,"ARL",TRUE,"bounded","average",383.036666666667,373.036666666667,0,1
0,2,10,0.0164754897244207,TRUE,1e-04,"ARL",TRUE,"bounded","product",269.73,259.73,0,1
1,2,10,0.0164754897244207,TRUE,1e-04,"ARL",TRUE,"oracle","joint",334.87,324.87,0,1
1,2,10,0.0164754897244207,TRUE,1e-04,"ARL",TRUE,"misspec","joint",Inf,1424.56,0,0.416666666666667
1,2,10,0.0164754897244207,TRUE,1e-04,"ARL",TRUE,"bounded","average",253.12,243.12,0,1
1,2,10,0.0164754897244207,TRUE,1e-04,"ARL",TRUE,"bounded","product",164.93,154.93,0,1
0,10,10,0.0164754897244207,TRUE,1e-04,"ARL",TRUE,"oracle","joint",149.773333333333,139.773333333333,0,1
0,10,10,0.0164754897244207,TRUE,1e-04,"ARL",TRUE,"misspec","joint",Inf,1210,0,0.03
0,10,10,0.0164754897244207,TRUE,1e-04,"ARL",TRUE,"bounded","average",1177.50333333333,1167.50333333333,0,1
0,10,10,0.0164754897244207,TRUE,1e-04,"ARL",TRUE,"bounded","product",Inf,730.862416107383,0,0.993333333333333
1,10,10,0.0164754897244207,TRUE,1e-04,"ARL",TRUE,"oracle","joint",333.403333333333,323.403333333333,0,1
1,10,10,0.0164754897244207,TRUE,1e-04,"ARL",TRUE,"misspec","joint",Inf,1467.66666666667,0.963333333333333,0.09
1,10,10,0.0164754897244207,TRUE,1e-04,"ARL",TRUE,"bounded","average",356.226666666667,346.226666666667,0,1
1,10,10,0.0164754897244207,TRUE,1e-04,"ARL",TRUE,"bounded","product",78.61,68.61,0,1
0,2,1000,0.0164754897244207,TRUE,1e-04,"ARL",TRUE,"oracle","joint",1072.90333333333,122.69,0.0833333333333333,1
0,2,1000,0.0164754897244207,TRUE,1e-04,"ARL",TRUE,"misspec","joint",Inf,937.655172413793,0.02,0.193333333333333
0,2,1000,0.0164754897244207,TRUE,1e-04,"ARL",TRUE,"bounded","average",1202.98333333333,212.063333333333,0.0166666666666667,1
0,2,1000,0.0164754897244207,TRUE,1e-04,"ARL",TRUE,"bounded","product",1150.74666666667,179.7,0.05,1
1,2,1000,0.0164754897244207,TRUE,1e-04,"ARL",TRUE,"oracle","joint",1187.92666666667,251.573333333333,0.1,1
1,2,1000,0.0164754897244207,TRUE,1e-04,"ARL",TRUE,"misspec","joint",Inf,879.652777777778,0.0366666666666667,0.24
1,2,1000,0.0164754897244207,TRUE,1e-04,"ARL",TRUE,"bounded","average",503.75,131.113333333333,0.983333333333333,1
1,2,1000,0.0164754897244207,TRUE,1e-04,"ARL",TRUE,"bounded","product",352.31,93.79,0.993333333333333,1
0,10,1000,0.0164754897244207,TRUE,1e-04,"ARL",TRUE,"oracle","joint",1085.87666666667,118.063333333333,0.07,1
0,10,1000,0.0164754897244207,TRUE,1e-04,"ARL",TRUE,"misspec","joint",Inf,1063.5,0.01,0.02
0,10,1000,0.0164754897244207,TRUE,1e-04,"ARL",TRUE,"bounded","average",Inf,738.063545150502,0,0.996666666666667
0,10,1000,0.0164754897244207,TRUE,1e-04,"ARL",TRUE,"bounded","product",Inf,581.83044982699,0.0633333333333333,0.963333333333333
1,10,1000,0.0164754897244207,TRUE,1e-04,"ARL",TRUE,"oracle","joint",1220.02,260.086666666667,0.0566666666666667,1
1,10,1000,0.0164754897244207,TRUE,1e-04,"ARL",TRUE,"misspec","joint",Inf,678.133333333333,0.956666666666667,0.05
1,10,1000,0.0164754897244207,TRUE,1e-04,"ARL",TRUE,"bounded","average",432.106666666667,214.063333333333,1,1
1,10,1000,0.0164754897244207,TRUE,1e-04,"ARL",TRUE,"bounded","product",100.88,41.8133333333333,1,1
0,2,10,0.0194588771757639,TRUE,1e-04,"ARL",TRUE,"oracle","joint",118.846666666667,108.846666666667,0,1
0,2,10,0.0194588771757639,TRUE,1e-04,"ARL",TRUE,"misspec","joint",Inf,1427,0,0.356666666666667
0,2,10,0.0194588771757639,TRUE,1e-04,"ARL",TRUE,"bounded","average",305.646666666667,295.646666666667,0,1
0,2,10,0.0194588771757639,TRUE,1e-04,"ARL",TRUE,"bounded","product",206.92,196.92,0,1
1,2,10,0.0194588771757639,TRUE,1e-04,"ARL",TRUE,"oracle","joint",256.686666666667,246.686666666667,0,1
1,2,10,0.0194588771757639,TRUE,1e-04,"ARL",TRUE,"misspec","joint",Inf,1277.6095890411,0,0.486666666666667
1,2,10,0.0194588771757639,TRUE,1e-04,"ARL",TRUE,"bounded","average",226.546666666667,216.546666666667,0,1
1,2,10,0.0194588771757639,TRUE,1e-04,"ARL",TRUE,"bounded","product",145.286666666667,135.286666666667,0,1
0,10,10,0.0194588771757639,TRUE,1e-04,"ARL",TRUE,"oracle","joint",115.63,105.63,0,1
0,10,10,0.0194588771757639,TRUE,1e-04,"ARL",TRUE,"misspec","joint",Inf,1364,0,0.0266666666666667
0,10,10,0.0194588771757639,TRUE,1e-04,"ARL",TRUE,"bounded","average",965.96,955.96,0,1
0,10,10,0.0194588771757639,TRUE,1e-04,"ARL",TRUE,"bounded","product",469.133333333333,459.133333333333,0,1
1,10,10,0.0194588771757639,TRUE,1e-04,"ARL",TRUE,"oracle","joint",259.786666666667,249.786666666667,0,1
1,10,10,0.0194588771757639,TRUE,1e-04,"ARL",TRUE,"misspec","joint",Inf,1555.29166666667,0.963333333333333,0.08
1,10,10,0.0194588771757639,TRUE,1e-04,"ARL",TRUE,"bounded","average",348.686666666667,338.686666666667,0,1
1,10,10,0.0194588771757639,TRUE,1e-04,"ARL",TRUE,"bounded","product",77.6366666666667,67.6366666666667,0,1
0,2,1000,0.0194588771757639,TRUE,1e-04,"ARL",TRUE,"oracle","joint",1038.81666666667,96.5833333333333,0.0866666666666667,1
0,2,1000,0.0194588771757639,TRUE,1e-04,"ARL",TRUE,"misspec","joint",Inf,1023.48648648649,0.03,0.246666666666667
0,2,1000,0.0194588771757639,TRUE,1e-04,"ARL",TRUE,"bounded","average",1166.98,177.586666666667,0.0233333333333333,1
0,2,1000,0.0194588771757639,TRUE,1e-04,"ARL",TRUE,"bounded","product",1103.20333333333,149.373333333333,0.0733333333333333,1
1,2,1000,0.0194588771757639,TRUE,1e-04,"ARL",TRUE,"oracle","joint",1152.24,203.62,0.0966666666666667,1
1,2,1000,0.0194588771757639,TRUE,1e-04,"ARL",TRUE,"misspec","joint",Inf,1055.69090909091,0.0333333333333333,0.366666666666667
1,2,1000,0.0194588771757639,TRUE,1e-04,"ARL",TRUE,"bounded","average",488.4,111.886666666667,0.99,1
1,2,1000,0.0194588771757639,TRUE,1e-04,"ARL",TRUE,"bounded","product",343.323333333333,78.1266666666667,0.996666666666667,1
0,10,1000,0.0194588771757639,TRUE,1e-04,"ARL",TRUE,"oracle","joint",1051.72666666667,96.0866666666667,0.0833333333333333,1
0,10,1000,0.0194588771757639,TRUE,1e-04,"ARL",TRUE,"misspec","joint",Inf,869,0.00666666666666667,0.00666666666666667
0,10,1000,0.0194588771757639,TRUE,1e-04,"ARL",TRUE,"bounded","average",1591.90666666667,591.906666666667,0,1
0,10,1000,0.0194588771757639,TRUE,1e-04,"ARL",TRUE,"bounded","product",Inf,455.283783783784,0.07,0.986666666666667
1,10,1000,0.0194588771757639,TRUE,1e-04,"ARL",TRUE,"oracle","joint",1164.56,208.913333333333,0.08,1
1,10,1000,0.0194588771757639,TRUE,1e-04,"ARL",TRUE,"misspec","joint",Inf,1047.8125,0.97,0.0533333333333333
1,10,1000,0.0194588771757639,TRUE,1e-04,"ARL",TRUE,"bounded","average",427.306666666667,202.266666666667,1,1
1,10,1000,0.0194588771757639,TRUE,1e-04,"ARL",TRUE,"bounded","product",99.7966666666667,42.7233333333333,1,1
0,2,10,0.0229824974720003,TRUE,1e-04,"ARL",TRUE,"oracle","joint",88.4666666666667,78.4666666666667,0,1
0,2,10,0.0229824974720003,TRUE,1e-04,"ARL",TRUE,"misspec","joint",Inf,1321.01418439716,0,0.47
0,2,10,0.0229824974720003,TRUE,1e-04,"ARL",TRUE,"bounded","average",246.926666666667,236.926666666667,0,1
0,2,10,0.0229824974720003,TRUE,1e-04,"ARL",TRUE,"bounded","product",165.976666666667,155.976666666667,0,1
1,2,10,0.0229824974720003,TRUE,1e-04,"ARL",TRUE,"oracle","joint",198.683333333333,188.683333333333,0,1
1,2,10,0.0229824974720003,TRUE,1e-04,"ARL",TRUE,"misspec","joint",Inf,1243.74705882353,0.00333333333333333,0.566666666666667
1,2,10,0.0229824974720003,TRUE,1e-04,"ARL",TRUE,"bounded","average",206.496666666667,196.496666666667,0,1
1,2,10,0.0229824974720003,TRUE,1e-04,"ARL",TRUE,"bounded","product",133.443333333333,123.443333333333,0,1
0,10,10,0.0229824974720003,TRUE,1e-04,"ARL",TRUE,"oracle","joint",89.8633333333333,79.8633333333333,0,1
0,10,10,0.0229824974720003,TRUE,1e-04,"ARL",TRUE,"misspec","joint",Inf,1475.71428571429,0,0.0233333333333333
0,10,10,0.0229824974720003,TRUE,1e-04,"ARL",TRUE,"bounded","average",812,802,0,1
0,10,10,0.0229824974720003,TRUE,1e-04,"ARL",TRUE,"bounded","product",327.993333333333,317.993333333333,0,1
1,10,10,0.0229824974720003,TRUE,1e-04,"ARL",TRUE,"oracle","joint",195.516666666667,185.516666666667,0,1
1,10,10,0.0229824974720003,TRUE,1e-04,"ARL",TRUE,"misspec","joint",Inf,1628.52941176471,0.95,0.0566666666666667
1,10,10,0.0229824974720003,TRUE,1e-04,"ARL",TRUE,"bounded","average",336.633333333333,326.633333333333,0,1
1,10,10,0.0229824974720003,TRUE,1e-04,"ARL",TRUE,"bounded","product",73.5866666666667,63.5866666666667,0,1
0,2,1000,0.0229824974720003,TRUE,1e-04,"ARL",TRUE,"oracle","joint",1036.75333333333,73.7133333333333,0.0766666666666667,1
0,2,1000,0.0229824974720003,TRUE,1e-04,"ARL",TRUE,"misspec","joint",Inf,928.585858585859,0.0133333333333333,0.33
0,2,1000,0.0229824974720003,TRUE,1e-04,"ARL",TRUE,"bounded","average",1128.75333333333,136.36,0.02,1
0,2,1000,0.0229824974720003,TRUE,1e-04,"ARL",TRUE,"bounded","product",1075.03,109.96,0.0666666666666667,1
1,2,1000,0.0229824974720003,TRUE,1e-04,"ARL",TRUE,"oracle","joint",1107.69,166.383333333333,0.0966666666666667,1
1,2,1000,0.0229824974720003,TRUE,1e-04,"ARL",TRUE,"misspec","joint",Inf,913.212121212121,0.0333333333333333,0.44
1,2,1000,0.0229824974720003,TRUE,1e-04,"ARL",TRUE,"bounded","average",476.93,98.8466666666666,0.993333333333333,1
1,2,1000,0.0229824974720003,TRUE,1e-04,"ARL",TRUE,"bounded","product",338.26,72.43,0.996666666666667,1
0,10,1000,0.0229824974720003,TRUE,1e-04,"ARL",TRUE,"oracle","joint",1026.27333333333,70.77,0.07,1
0,10,1000,0.0229824974720003,TRUE,1e-04,"ARL",TRUE,"misspec","joint",Inf,1167.83333333333,0.00666666666666667,0.02
0,10,1000,0.0229824974720003,TRUE,1e-04,"ARL",TRUE,"bounded","average",1463.92,463.92,0,1
0,10,1000,0.0229824974720003,TRUE,1e-04,"ARL",TRUE,"bounded","product",1243.34666666667,289.39,0.0633333333333333,1
1,10,1000,0.0229824974720003,TRUE,1e-04,"ARL",TRUE,"oracle","joint",1125.14333333333,158.503333333333,0.0566666666666667,1
1,10,1000,0.0229824974720003,TRUE,1e-04,"ARL",TRUE,"misspec","joint",Inf,913.705882352941,0.973333333333333,0.0566666666666667
1,10,1000,0.0229824974720003,TRUE,1e-04,"ARL",TRUE,"bounded","average",426.946666666667,191.83,1,1
1,10,1000,0.0229824974720003,TRUE,1e-04,"ARL",TRUE,"bounded","product",99.0666666666667,39.3166666666667,1,1
0,2,10,0.0271441761659491,TRUE,1e-04,"ARL",TRUE,"oracle","joint",67.5766666666667,57.5766666666667,0,1
0,2,10,0.0271441761659491,TRUE,1e-04,"ARL",TRUE,"misspec","joint",Inf,1329.23529411765,0,0.623333333333333
0,2,10,0.0271441761659491,TRUE,1e-04,"ARL",TRUE,"bounded","average",205.123333333333,195.123333333333,0,1
0,2,10,0.0271441761659491,TRUE,1e-04,"ARL",TRUE,"bounded","product",134.543333333333,124.543333333333,0,1
1,2,10,0.0271441761659491,TRUE,1e-04,"ARL",TRUE,"oracle","joint",152.866666666667,142.866666666667,0,1
1,2,10,0.0271441761659491,TRUE,1e-04,"ARL",TRUE,"misspec","joint",Inf,1226.4,0.01,0.65
1,2,10,0.0271441761659491,TRUE,1e-04,"ARL",TRUE,"bounded","average",185.796666666667,175.796666666667,0,1
1,2,10,0.0271441761659491,TRUE,1e-04,"ARL",TRUE,"bounded","product",117.953333333333,107.953333333333,0,1
0,10,10,0.0271441761659491,TRUE,1e-04,"ARL",TRUE,"oracle","joint",67.14,57.14,0,1
0,10,10,0.0271441761659491,TRUE,1e-04,"ARL",TRUE,"misspec","joint",Inf,1399.22222222222,0,0.03
0,10,10,0.0271441761659491,TRUE,1e-04,"ARL",TRUE,"bounded","average",690.196666666667,680.196666666667,0,1
0,10,10,0.0271441761659491,TRUE,1e-04,"ARL",TRUE,"bounded","product",229.95,219.95,0,1
1,10,10,0.0271441761659491,TRUE,1e-04,"ARL",TRUE,"oracle","joint",149.296666666667,139.296666666667,0,1
1,10,10,0.0271441761659491,TRUE,1e-04,"ARL",TRUE,"misspec","joint",Inf,1243.34615384615,0.96,0.0866666666666667
1,10,10,0.0271441761659491,TRUE,1e-04,"ARL",TRUE,"bounded","average",319.7,309.7,0,1
1,10,10,0.0271441761659491,TRUE,1e-04,"ARL",TRUE,"bounded","product",71.97,61.97,0,1
0,2,1000,0.0271441761659491,TRUE,1e-04,"ARL",TRUE,"oracle","joint",1022.15333333333,57.5233333333333,0.0533333333333333,1
0,2,1000,0.0271441761659491,TRUE,1e-04,"ARL",TRUE,"misspec","joint",Inf,924.342657342657,0.0333333333333333,0.476666666666667
0,2,1000,0.0271441761659491,TRUE,1e-04,"ARL",TRUE,"bounded","average",1099.80666666667,109.913333333333,0.0266666666666667,1
0,2,1000,0.0271441761659491,TRUE,1e-04,"ARL",TRUE,"bounded","product",1063.06333333333,86.4466666666667,0.0566666666666667,1
1,2,1000,0.0271441761659491,TRUE,1e-04,"ARL",TRUE,"oracle","joint",1069.41666666667,123.616666666667,0.09,1
1,2,1000,0.0271441761659491,TRUE,1e-04,"ARL",TRUE,"misspec","joint",Inf,822.496732026144,0.0366666666666667,0.51
1,2,1000,0.0271441761659491,TRUE,1e-04,"ARL",TRUE,"bounded","average",485.616666666667,81.09,0.98,1
1,2,1000,0.0271441761659491,TRUE,1e-04,"ARL",TRUE,"bounded","product",331,57.52,0.996666666666667,1
0,10,1000,0.0271441761659491,TRUE,1e-04,"ARL",TRUE,"oracle","joint",1003.93,54.9933333333333,0.09,1
0,10,1000,0.0271441761659491,TRUE,1e-04,"ARL",TRUE,"misspec","joint",Inf,1059.2,0.00666666666666667,0.0166666666666667
0,10,1000,0.0271441761659491,TRUE,1e-04,"ARL",TRUE,"bounded","average",1390.83666666667,390.836666666667,0,1
0,10,1000,0.0271441761659491,TRUE,1e-04,"ARL",TRUE,"bounded","product",1156.82,217.066666666667,0.0866666666666667,1
1,10,1000,0.0271441761659491,TRUE,1e-04,"ARL",TRUE,"oracle","joint",1072.09,128.773333333333,0.0766666666666667,1
1,10,1000,0.0271441761659491,TRUE,1e-04,"ARL",TRUE,"misspec","joint",Inf,876.068965517241,0.963333333333333,0.0966666666666667
1,10,1000,0.0271441761659491,TRUE,1e-04,"ARL",TRUE,"bounded","average",428.413333333333,177.546666666667,1,1
1,10,1000,0.0271441761659491,TRUE,1e-04,"ARL",TRUE,"bounded","product",98.9566666666667,37.8566666666667,1,1
0,2,10,0.0320594530958062,TRUE,1e-04,"ARL",TRUE,"oracle","joint",55.1366666666667,45.1366666666667,0,1
0,2,10,0.0320594530958062,TRUE,1e-04,"ARL",TRUE,"misspec","joint",Inf,1251.58260869565,0,0.766666666666667
0,2,10,0.0320594530958062,TRUE,1e-04,"ARL",TRUE,"bounded","average",171.78,161.78,0,1
0,2,10,0.0320594530958062,TRUE,1e-04,"ARL",TRUE,"bounded","product",112.133333333333,102.133333333333,0,1
1,2,10,0.0320594530958062,TRUE,1e-04,"ARL",TRUE,"oracle","joint",118.663333333333,108.663333333333,0,1
1,2,10,0.0320594530958062,TRUE,1e-04,"ARL",TRUE,"misspec","joint",Inf,1104.99572649573,0.00666666666666667,0.78
1,2,10,0.0320594530958062,TRUE,1e-04,"ARL",TRUE,"bounded","average",155.903333333333,145.903333333333,0,1
1,2,10,0.0320594530958062,TRUE,1e-04,"ARL",TRUE,"bounded","product",100.273333333333,90.2733333333333,0,1
0,10,10,0.0320594530958062,TRUE,1e-04,"ARL",TRUE,"oracle","joint",56.06,46.06,0,1
0,10,10,0.0320594530958062,TRUE,1e-04,"ARL",TRUE,"misspec","joint",Inf,1561.23076923077,0,0.0433333333333333
0,10,10,0.0320594530958062,TRUE,1e-04,"ARL",TRUE,"bounded","average",586.073333333333,576.073333333333,0,1
0,10,10,0.0320594530958062,TRUE,1e-04,"ARL",TRUE,"bounded","product",166.163333333333,156.163333333333,0,1
1,10,10,0.0320594530958062,TRUE,1e-04,"ARL",TRUE,"oracle","joint",113.34,103.34,0,1
1,10,10,0.0320594530958062,TRUE,1e-04,"ARL",TRUE,"misspec","joint",Inf,1382.35483870968,0.993333333333333,0.103333333333333
1,10,10,0.0320594530958062,TRUE,1e-04,"ARL",TRUE,"bounded","average",304.306666666667,294.306666666667,0,1
1,10,10,0.0320594530958062,TRUE,1e-04,"ARL",TRUE,"bounded","product",68.3533333333333,58.3533333333333,0,1
0,2,1000,0.0320594530958062,TRUE,1e-04,"ARL",TRUE,"oracle","joint",1010.19,41.7766666666667,0.07,1
0,2,1000,0.0320594530958062,TRUE,1e-04,"ARL",TRUE,"misspec","joint",Inf,883.970760233918,0.0366666666666667,0.57
0,2,1000,0.0320594530958062,TRUE,1e-04,"ARL",TRUE,"bounded","average",1086.02,89.8833333333333,0.0166666666666667,1
0,2,1000,0.0320594530958062,TRUE,1e-04,"ARL",TRUE,"bounded","product",1047.07666666667,70.6166666666667,0.0633333333333333,1
1,2,1000,0.0320594530958062,TRUE,1e-04,"ARL",TRUE,"oracle","joint",1062.44666666667,93.8,0.06,1
1,2,1000,0.0320594530958062,TRUE,1e-04,"ARL",TRUE,"misspec","joint",Inf,824.775510204082,0.0133333333333333,0.653333333333333
1,2,1000,0.0320594530958062,TRUE,1e-04,"ARL",TRUE,"bounded","average",488.523333333333,75.4266666666667,0.996666666666667,1
1,2,1000,0.0320594530958062,TRUE,1e-04,"ARL",TRUE,"bounded","product",327.783333333333,52.2266666666667,0.99,1
0,10,1000,0.0320594530958062,TRUE,1e-04,"ARL",TRUE,"oracle","joint",1006.27666666667,41.38,0.0733333333333333,1
0,10,1000,0.0320594530958062,TRUE,1e-04,"ARL",TRUE,"misspec","joint",Inf,580,0,0.0233333333333333
0,10,1000,0.0320594530958062,TRUE,1e-04,"ARL",TRUE,"bounded","average",1315.01666666667,315.016666666667,0,1
0,10,1000,0.0320594530958062,TRUE,1e-04,"ARL",TRUE,"bounded","product",1114.11,146.06,0.0533333333333333,1
1,10,1000,0.0320594530958062,TRUE,1e-04,"ARL",TRUE,"oracle","joint",1055.07666666667,94.14,0.0766666666666667,1
1,10,1000,0.0320594530958062,TRUE,1e-04,"ARL",TRUE,"misspec","joint",Inf,1026.5,0.96,0.08
1,10,1000,0.0320594530958062,TRUE,1e-04,"ARL",TRUE,"bounded","average",429.063333333333,166.366666666667,1,1
1,10,1000,0.0320594530958062,TRUE,1e-04,"ARL",TRUE,"bounded","product",99.5633333333333,32.8966666666667,1,1
0,2,10,0.0378647900941465,TRUE,1e-04,"ARL",TRUE,"oracle","joint",42.4866666666667,32.4866666666667,0,1
0,2,10,0.0378647900941465,TRUE,1e-04,"ARL",TRUE,"misspec","joint",Inf,1037.7722007722,0,0.863333333333333
0,2,10,0.0378647900941465,TRUE,1e-04,"ARL",TRUE,"bounded","average",150.256666666667,140.256666666667,0,1
0,2,10,0.0378647900941465,TRUE,1e-04,"ARL",TRUE,"bounded","product",95.8066666666667,85.8066666666667,0,1
1,2,10,0.0378647900941465,TRUE,1e-04,"ARL",TRUE,"oracle","joint",92.86,82.86,0,1
1,2,10,0.0378647900941465,TRUE,1e-04,"ARL",TRUE,"misspec","joint",Inf,913.974264705882,0.00333333333333333,0.906666666666667
1,2,10,0.0378647900941465,TRUE,1e-04,"ARL",TRUE,"bounded","average",140.456666666667,130.456666666667,0,1
1,2,10,0.0378647900941465,TRUE,1e-04,"ARL",TRUE,"bounded","product",88.7433333333333,78.7433333333333,0,1
0,10,10,0.0378647900941465,TRUE,1e-04,"ARL",TRUE,"oracle","joint",44.62,34.62,0,1
0,10,10,0.0378647900941465,TRUE,1e-04,"ARL",TRUE,"misspec","joint",Inf,1529.75,0,0.04
0,10,10,0.0378647900941465,TRUE,1e-04,"ARL",TRUE,"bounded","average",504.54,494.54,0,1
0,10,10,0.0378647900941465,TRUE,1e-04,"ARL",TRUE,"bounded","product",133.23,123.23,0,1
1,10,10,0.0378647900941465,TRUE,1e-04,"ARL",TRUE,"oracle","joint",91.15,81.15,0,1
1,10,10,0.0378647900941465,TRUE,1e-04,"ARL",TRUE,"misspec","joint",Inf,1438.35555555556,0.96,0.15
1,10,10,0.0378647900941465,TRUE,1e-04,"ARL",TRUE,"bounded","average",279.38,269.38,0,1
1,10,10,0.0378647900941465,TRUE,1e-04,"ARL",TRUE,"bounded","product",60.1433333333333,50.1433333333333,0,1
0,2,1000,0.0378647900941465,TRUE,1e-04,"ARL",TRUE,"oracle","joint",988.126666666667,32.8433333333333,0.08,1
0,2,1000,0.0378647900941465,TRUE,1e-04,"ARL",TRUE,"misspec","joint",Inf,798.689814814815,0.0166666666666667,0.72
0,2,1000,0.0378647900941465,TRUE,1e-04,"ARL",TRUE,"bounded","average",1065.76333333333,71.1933333333333,0.02,1
0,2,1000,0.0378647900941465,TRUE,1e-04,"ARL",TRUE,"bounded","product",1020.98666666667,55.73,0.08,1
1,2,1000,0.0378647900941465,TRUE,1e-04,"ARL",TRUE,"oracle","joint",1036.51333333333,68.3633333333333,0.0633333333333333,1
1,2,1000,0.0378647900941465,TRUE,1e-04,"ARL",TRUE,"misspec","joint",Inf,836.974025974026,0.0266666666666667,0.77
1,2,1000,0.0378647900941465,TRUE,1e-04,"ARL",TRUE,"bounded","average",474.546666666667,58.3966666666667,0.986666666666667,1
1,2,1000,0.0378647900941465,TRUE,1e-04,"ARL",TRUE,"bounded","product",333.433333333333,41.5566666666667,0.996666666666667,1
0,10,1000,0.0378647900941465,TRUE,1e-04,"ARL",TRUE,"oracle","joint",999.376666666667,32.62,0.07,1
0,10,1000,0.0378647900941465,TRUE,1e-04,"ARL",TRUE,"misspec","joint",Inf,827.142857142857,0.00666666666666667,0.0233333333333333
0,10,1000,0.0378647900941465,TRUE,1e-04,"ARL",TRUE,"bounded","average",1268.17333333333,268.173333333333,0,1
0,10,1000,0.0378647900941465,TRUE,1e-04,"ARL",TRUE,"bounded","product",1067.11,104.946666666667,0.0533333333333333,1
1,10,1000,0.0378647900941465,TRUE,1e-04,"ARL",TRUE,"oracle","joint",1035.21666666667,75.1833333333333,0.0766666666666667,1
1,10,1000,0.0378647900941465,TRUE,1e-04,"ARL",TRUE,"misspec","joint",Inf,1038.40740740741,0.97,0.09
1,10,1000,0.0378647900941465,TRUE,1e-04,"ARL",TRUE,"bounded","average",428.693333333333,152.4,1,1
1,10,1000,0.0378647900941465,TRUE,1e-04,"ARL",TRUE,"bounded","product",99.5666666666667,33.0933333333333,1,1
0,2,10,0.0447213595499958,TRUE,1e-04,"ARL",TRUE,"oracle","joint",35.6466666666667,25.6466666666667,0,1
0,2,10,0.0447213595499958,TRUE,1e-04,"ARL",TRUE,"misspec","joint",Inf,721.676975945017,0,0.97
0,2,10,0.0447213595499958,TRUE,1e-04,"ARL",TRUE,"bounded","average",130,120,0,1
0,2,10,0.0447213595499958,TRUE,1e-04,"ARL",TRUE,"bounded","product",82.1366666666667,72.1366666666667,0,1
1,2,10,0.0447213595499958,TRUE,1e-04,"ARL",TRUE,"oracle","joint",69.9166666666667,59.9166666666667,0,1
1,2,10,0.0447213595499958,TRUE,1e-04,"ARL",TRUE,"misspec","joint",Inf,769.279310344828,0.00666666666666667,0.966666666666667
1,2,10,0.0447213595499958,TRUE,1e-04,"ARL",TRUE,"bounded","average",120.56,110.56,0,1
1,2,10,0.0447213595499958,TRUE,1e-04,"ARL",TRUE,"bounded","product",78.13,68.13,0,1
0,10,10,0.0447213595499958,TRUE,1e-04,"ARL",TRUE,"oracle","joint",35.89,25.89,0,1
0,10,10,0.0447213595499958,TRUE,1e-04,"ARL",TRUE,"misspec","joint",Inf,1072.52173913043,0,0.0766666666666667
0,10,10,0.0447213595499958,TRUE,1e-04,"ARL",TRUE,"bounded","average",442.073333333333,432.073333333333,0,1
0,10,10,0.0447213595499958,TRUE,1e-04,"ARL",TRUE,"bounded","product",100.8,90.8,0,1
1,10,10,0.0447213595499958,TRUE,1e-04,"ARL",TRUE,"oracle","joint",71.08,61.08,0,1
1,10,10,0.0447213595499958,TRUE,1e-04,"ARL",TRUE,"misspec","joint",Inf,1589.7037037037,0.956666666666667,0.18
1,10,10,0.0447213595499958,TRUE,1e-04,"ARL",TRUE,"bounded","average",260.983333333333,250.983333333333,0,1
1,10,10,0.0447213595499958,TRUE,1e-04,"ARL",TRUE,"bounded","product",57.13,47.13,0,1
0,2,1000,0.0447213595499958,TRUE,1e-04,"ARL",TRUE,"oracle","joint",1003.44,24.1366666666667,0.0466666666666667,1
0,2,1000,0.0447213595499958,TRUE,1e-04,"ARL",TRUE,"misspec","joint",Inf,600.213235294118,0.0233333333333333,0.906666666666667
0,2,1000,0.0447213595499958,TRUE,1e-04,"ARL",TRUE,"bounded","average",1058.01,61.33,0.01,1
0,2,1000,0.0447213595499958,TRUE,1e-04,"ARL",TRUE,"bounded","product",1022.35,47.6433333333333,0.05,1
1,2,1000,0.0447213595499958,TRUE,1e-04,"ARL",TRUE,"oracle","joint",1023.05333333333,56.8666666666667,0.0633333333333333,1
1,2,1000,0.0447213595499958,TRUE,1e-04,"ARL",TRUE,"misspec","joint",Inf,639.067615658363,0.0166666666666667,0.936666666666667
1,2,1000,0.0447213595499958,TRUE,1e-04,"ARL",TRUE,"bounded","average",487.5,54.68,0.983333333333333,1
1,2,1000,0.0447213595499958,TRUE,1e-04,"ARL",TRUE,"bounded","product",344.92,37.65,0.996666666666667,1
0,10,1000,0.0447213595499958,TRUE,1e-04,"ARL",TRUE,"oracle","joint",984.08,24.4966666666667,0.07,1
0,10,1000,0.0447213595499958,TRUE,1e-04,"ARL",TRUE,"misspec","joint",Inf,922.6,0.00333333333333333,0.05
0,10,1000,0.0447213595499958,TRUE,1e-04,"ARL",TRUE,"bounded","average",1222.44,222.44,0,1
0,10,1000,0.0447213595499958,TRUE,1e-04,"ARL",TRUE,"bounded","product",1052.51666666667,84.4633333333333,0.06,1
1,10,1000,0.0447213595499958,TRUE,1e-04,"ARL",TRUE,"oracle","joint",1019.78,54.7633333333333,0.07,1
1,10,1000,0.0447213595499958,TRUE,1e-04,"ARL",TRUE,"misspec","joint",Inf,827.448275862069,0.973333333333333,0.0966666666666667
1,10,1000,0.0447213595499958,TRUE,1e-04,"ARL",TRUE,"bounded","average",422.683333333333,139.86,1,1
1,10,1000,0.0447213595499958,TRUE,1e-04,"ARL",TRUE,"bounded","product",96.0433333333333,29.8933333333333,1,1
0,2,10,0.05281951900505,TRUE,1e-04,"ARL",TRUE,"oracle","joint",29.3466666666667,19.3466666666667,0,1
0,2,10,0.05281951900505,TRUE,1e-04,"ARL",TRUE,"misspec","joint",482.833333333333,472.833333333333,0,1
0,2,10,0.05281951900505,TRUE,1e-04,"ARL",TRUE,"bounded","average",111.95,101.95,0,1
0,2,10,0.05281951900505,TRUE,1e-04,"ARL",TRUE,"bounded","product",70.6866666666667,60.6866666666667,0,1
1,2,10,0.05281951900505,TRUE,1e-04,"ARL",TRUE,"oracle","joint",56.8033333333333,46.8033333333333,0,1
1,2,10,0.05281951900505,TRUE,1e-04,"ARL",TRUE,"misspec","joint",Inf,503.822147651007,0.01,0.993333333333333
1,2,10,0.05281951900505,TRUE,1e-04,"ARL",TRUE,"bounded","average",108.476666666667,98.4766666666667,0,1
1,2,10,0.05281951900505,TRUE,1e-04,"ARL",TRUE,"bounded","product",68.94,58.94,0,1
0,10,10,0.05281951900505,TRUE,1e-04,"ARL",TRUE,"oracle","joint",29.2733333333333,19.2733333333333,0,1
0,10,10,0.05281951900505,TRUE,1e-04,"ARL",TRUE,"misspec","joint",Inf,1743.57894736842,0,0.0633333333333333
0,10,10,0.05281951900505,TRUE,1e-04,"ARL",TRUE,"bounded","average",383.33,373.33,0,1
0,10,10,0.05281951900505,TRUE,1e-04,"ARL",TRUE,"bounded","product",84.93,74.93,0,1
1,10,10,0.05281951900505,TRUE,1e-04,"ARL",TRUE,"oracle","joint",57.4933333333333,47.4933333333333,0,1
1,10,10,0.05281951900505,TRUE,1e-04,"ARL",TRUE,"misspec","joint",Inf,1433.51851851852,0.973333333333333,0.18
1,10,10,0.05281951900505,TRUE,1e-04,"ARL",TRUE,"bounded","average",243.766666666667,233.766666666667,0,1
1,10,10,0.05281951900505,TRUE,1e-04,"ARL",TRUE,"bounded","product",53.4133333333333,43.4133333333333,0,1
0,2,1000,0.05281951900505,TRUE,1e-04,"ARL",TRUE,"oracle","joint",998.476666666667,17.84,0.0433333333333333,1
0,2,1000,0.05281951900505,TRUE,1e-04,"ARL",TRUE,"misspec","joint",Inf,407.304054054054,0.01,0.986666666666667
0,2,1000,0.05281951900505,TRUE,1e-04,"ARL",TRUE,"bounded","average",1041.64,51.3333333333333,0.04,1
0,2,1000,0.05281951900505,TRUE,1e-04,"ARL",TRUE,"bounded","product",1010.53333333333,39.4533333333333,0.07,1
1,2,1000,0.05281951900505,TRUE,1e-04,"ARL",TRUE,"oracle","joint",1005.46666666667,42.1766666666667,0.0666666666666667,1
1,2,1000,0.05281951900505,TRUE,1e-04,"ARL",TRUE,"misspec","joint",Inf,471.586440677966,0.05,0.983333333333333
1,2,1000,0.05281951900505,TRUE,1e-04,"ARL",TRUE,"bounded","average",490.606666666667,44.9766666666667,0.993333333333333,1
1,2,1000,0.05281951900505,TRUE,1e-04,"ARL",TRUE,"bounded","product",349.96,31.3866666666667,0.996666666666667,1
0,10,1000,0.05281951900505,TRUE,1e-04,"ARL",TRUE,"oracle","joint",992.5,19.4166666666667,0.0533333333333333,1
0,10,1000,0.05281951900505,TRUE,1e-04,"ARL",TRUE,"misspec","joint",Inf,1124.6,0.01,0.0666666666666667
0,10,1000,0.05281951900505,TRUE,1e-04,"ARL",TRUE,"bounded","average",1187.74,189.133333333333,0.00333333333333333,1
0,10,1000,0.05281951900505,TRUE,1e-04,"ARL",TRUE,"bounded","product",1020.35,66.2866666666667,0.09,1
1,10,1000,0.05281951900505,TRUE,1e-04,"ARL",TRUE,"oracle","joint",1001.13,42.3833333333333,0.08,1
1,10,1000,0.05281951900505,TRUE,1e-04,"ARL",TRUE,"misspec","joint",Inf,1008.7037037037,0.973333333333333,0.09
1,10,1000,0.05281951900505,TRUE,1e-04,"ARL",TRUE,"bounded","average",430.28,131.753333333333,1,1
1,10,1000,0.05281951900505,TRUE,1e-04,"ARL",TRUE,"bounded","product",94.8866666666667,27.1733333333333,1,1
0,2,10,0.0623840960113455,TRUE,1e-04,"ARL",TRUE,"oracle","joint",24.15,14.15,0,1
0,2,10,0.0623840960113455,TRUE,1e-04,"ARL",TRUE,"misspec","joint",281.7,271.7,0,1
0,2,10,0.0623840960113455,TRUE,1e-04,"ARL",TRUE,"bounded","average",97.8033333333333,87.8033333333333,0,1
0,2,10,0.0623840960113455,TRUE,1e-04,"ARL",TRUE,"bounded","product",62.55,52.55,0,1
1,2,10,0.0623840960113455,TRUE,1e-04,"ARL",TRUE,"oracle","joint",45.18,35.18,0,1
1,2,10,0.0623840960113455,TRUE,1e-04,"ARL",TRUE,"misspec","joint",333.583333333333,323.583333333333,0,1
1,2,10,0.0623840960113455,TRUE,1e-04,"ARL",TRUE,"bounded","average",94.9166666666667,84.9166666666667,0,1
1,2,10,0.0623840960113455,TRUE,1e-04,"ARL",TRUE,"bounded","product",61.0366666666667,51.0366666666667,0,1
0,10,10,0.0623840960113455,TRUE,1e-04,"ARL",TRUE,"oracle","joint",23.7366666666667,13.7366666666667,0,1
0,10,10,0.0623840960113455,TRUE,1e-04,"ARL",TRUE,"misspec","joint",Inf,1516.3,0,0.1
0,10,10,0.0623840960113455,TRUE,1e-04,"ARL",TRUE,"bounded","average",334.626666666667,324.626666666667,0,1
0,10,10,0.0623840960113455,TRUE,1e-04,"ARL",TRUE,"bounded","product",71.5033333333333,61.5033333333333,0,1
1,10,10,0.0623840960113455,TRUE,1e-04,"ARL",TRUE,"oracle","joint",42.9566666666667,32.9566666666667,0,1
1,10,10,0.0623840960113455,TRUE,1e-04,"ARL",TRUE,"misspec","joint",Inf,1491.17647058824,0.96,0.226666666666667
1,10,10,0.0623840960113455,TRUE,1e-04,"ARL",TRUE,"bounded","average",225.306666666667,215.306666666667,0,1
1,10,10,0.0623840960113455,TRUE,1e-04,"ARL",TRUE,"bounded","product",48.7766666666667,38.7766666666667,0,1
0,2,1000,0.0623840960113455,TRUE,1e-04,"ARL",TRUE,"oracle","joint",985.006666666667,14.1966666666667,0.06,1
0,2,1000,0.0623840960113455,TRUE,1e-04,"ARL",TRUE,"misspec","joint",1247.86666666667,269.09,0.0266666666666667,1
0,2,1000,0.0623840960113455,TRUE,1e-04,"ARL",TRUE,"bounded","average",1036.77666666667,43.7066666666667,0.0233333333333333,1
0,2,1000,0.0623840960113455,TRUE,1e-04,"ARL",TRUE,"bounded","product",1006.33,33.16,0.0666666666666667,1
1,2,1000,0.0623840960113455,TRUE,1e-04,"ARL",TRUE,"oracle","joint",982.706666666667,30.9966666666667,0.0866666666666667,1
1,2,1000,0.0623840960113455,TRUE,1e-04,"ARL",TRUE,"misspec","joint",Inf,301.454849498328,0.05,0.996666666666667
1,2,1000,0.0623840960113455,TRUE,1e-04,"ARL",TRUE,"bounded","average",472.353333333333,39.4333333333333,0.993333333333333,1
1,2,1000,0.0623840960113455,TRUE,1e-04,"ARL",TRUE,"bounded","product",330.246666666667,28.45,0.99,1
0,10,1000,0.0623840960113455,TRUE,1e-04,"ARL",TRUE,"oracle","joint",991.183333333333,14.75,0.05,1
0,10,1000,0.0623840960113455,TRUE,1e-04,"ARL",TRUE,"misspec","joint",Inf,925.695652173913,0.00666666666666667,0.0766666666666667
0,10,1000,0.0623840960113455,TRUE,1e-04,"ARL",TRUE,"bounded","average",1160.79666666667,160.796666666667,0,1
0,10,1000,0.0623840960113455,TRUE,1e-04,"ARL",TRUE,"bounded","product",1023.07666666667,52.5266666666667,0.0566666666666667,1
1,10,1000,0.0623840960113455,TRUE,1e-04,"ARL",TRUE,"oracle","joint",998.276666666667,33.4366666666667,0.0566666666666667,1
1,10,1000,0.0623840960113455,TRUE,1e-04,"ARL",TRUE,"misspec","joint",Inf,930.385964912281,0.953333333333333,0.19
1,10,1000,0.0623840960113455,TRUE,1e-04,"ARL",TRUE,"bounded","average",423.986666666667,118.77,1,1
1,10,1000,0.0623840960113455,TRUE,1e-04,"ARL",TRUE,"bounded","product",99.19,22.39,1,1
0,2,10,0.0736806299728077,TRUE,1e-04,"ARL",TRUE,"oracle","joint",20.9166666666667,10.9166666666667,0,1
0,2,10,0.0736806299728077,TRUE,1e-04,"ARL",TRUE,"misspec","joint",127.033333333333,117.033333333333,0,1
0,2,10,0.0736806299728077,TRUE,1e-04,"ARL",TRUE,"bounded","average",85.64,75.64,0,1
0,2,10,0.0736806299728077,TRUE,1e-04,"ARL",TRUE,"bounded","product",54.9633333333333,44.9633333333333,0,1
1,2,10,0.0736806299728077,TRUE,1e-04,"ARL",TRUE,"oracle","joint",35.1866666666667,25.1866666666667,0,1
1,2,10,0.0736806299728077,TRUE,1e-04,"ARL",TRUE,"misspec","joint",172.136666666667,164.753333333333,0.0133333333333333,1
1,2,10,0.0736806299728077,TRUE,1e-04,"ARL",TRUE,"bounded","average",83.32,73.32,0,1
1,2,10,0.0736806299728077,TRUE,1e-04,"ARL",TRUE,"bounded","product",53.7433333333333,43.7433333333333,0,1
0,10,10,0.0736806299728077,TRUE,1e-04,"ARL",TRUE,"oracle","joint",20.6666666666667,10.6666666666667,0,1
0,10,10,0.0736806299728077,TRUE,1e-04,"ARL",TRUE,"misspec","joint",Inf,1358.32075471698,0,0.176666666666667
0,10,10,0.0736806299728077,TRUE,1e-04,"ARL",TRUE,"bounded","average",296.683333333333,286.683333333333,0,1
0,10,10,0.0736806299728077,TRUE,1e-04,"ARL",TRUE,"bounded","product",59.6333333333333,49.6333333333333,0,1
1,10,10,0.0736806299728077,TRUE,1e-04,"ARL",TRUE,"oracle","joint",35.8166666666667,25.8166666666667,0,1
1,10,10,0.0736806299728077,TRUE,1e-04,"ARL",TRUE,"misspec","joint",Inf,1383.42857142857,0.966666666666667,0.326666666666667
1,10,10,0.0736806299728077,TRUE,1e-04,"ARL",TRUE,"bounded","average",207.003333333333,197.003333333333,0,1
1,10,10,0.0736806299728077,TRUE,1e-04,"ARL",TRUE,"bounded","product",43.7366666666667,33.7366666666667,0,1
0,2,1000,0.0736806299728077,TRUE,1e-04,"ARL",TRUE,"oracle","joint",998.67,11.6666666666667,0.03,1
0,2,1000,0.0736806299728077,TRUE,1e-04,"ARL",TRUE,"misspec","joint",1129.45,136.903333333333,0.01,1
0,2,1000,0.0736806299728077,TRUE,1e-04,"ARL",TRUE,"bounded","average",1033.16666666667,37.3633333333333,0.0166666666666667,1
0,2,1000,0.0736806299728077,TRUE,1e-04,"ARL",TRUE,"bounded","product",990.12,28.5233333333333,0.08,1
1,2,1000,0.0736806299728077,TRUE,1e-04,"ARL",TRUE,"oracle","joint",1000.71666666667,25.5333333333333,0.0533333333333333,1
1,2,1000,0.0736806299728077,TRUE,1e-04,"ARL",TRUE,"misspec","joint",1120.26666666667,158.676666666667,0.05,1
1,2,1000,0.0736806299728077,TRUE,1e-04,"ARL",TRUE,"bounded","average",481.14,35.46,0.986666666666667,1
1,2,1000,0.0736806299728077,TRUE,1e-04,"ARL",TRUE,"bounded","product",324.806666666667,23.09,0.996666666666667,1
0,10,1000,0.0736806299728077,TRUE,1e-04,"ARL",TRUE,"oracle","joint",989.233333333333,10.9233333333333,0.0533333333333333,1
0,10,1000,0.0736806299728077,TRUE,1e-04,"ARL",TRUE,"misspec","joint",Inf,1041.17073170732,0.01,0.136666666666667
0,10,1000,0.0736806299728077,TRUE,1e-04,"ARL",TRUE,"bounded","average",1135.98333333333,135.983333333333,0,1
0,10,1000,0.0736806299728077,TRUE,1e-04,"ARL",TRUE,"bounded","product",1005.62666666667,43.8166666666667,0.0733333333333333,1
1,10,1000,0.0736806299728077,TRUE,1e-04,"ARL",TRUE,"oracle","joint",996.11,24.5266666666667,0.0566666666666667,1
1,10,1000,0.0736806299728077,TRUE,1e-04,"ARL",TRUE,"misspec","joint",Inf,936.975,0.953333333333333,0.266666666666667
1,10,1000,0.0736806299728077,TRUE,1e-04,"ARL",TRUE,"bounded","average",428.896666666667,112.986666666667,1,1
1,10,1000,0.0736806299728077,TRUE,1e-04,"ARL",TRUE,"bounded","product",97.7966666666667,20.6033333333333,1,1
0,2,10,0.0870227442616544,TRUE,1e-04,"ARL",TRUE,"oracle","joint",18.6266666666667,8.62666666666667,0,1
0,2,10,0.0870227442616544,TRUE,1e-04,"ARL",TRUE,"misspec","joint",78.4533333333333,68.4533333333333,0,1
0,2,10,0.0870227442616544,TRUE,1e-04,"ARL",TRUE,"bounded","average",75.12,65.12,0,1
0,2,10,0.0870227442616544,TRUE,1e-04,"ARL",TRUE,"bounded","product",48.6533333333333,38.6533333333333,0,1
1,2,10,0.0870227442616544,TRUE,1e-04,"ARL",TRUE,"oracle","joint",29.4633333333333,19.4633333333333,0,1
1,2,10,0.0870227442616544,TRUE,1e-04,"ARL",TRUE,"misspec","joint",106.166666666667,96.4733333333333,0.00666666666666667,1
1,2,10,0.0870227442616544,TRUE,1e-04,"ARL",TRUE,"bounded","average",74.19,64.19,0,1
1,2,10,0.0870227442616544,TRUE,1e-04,"ARL",TRUE,"bounded","product",47.8033333333333,37.8033333333333,0,1
0,10,10,0.0870227442616544,TRUE,1e-04,"ARL",TRUE,"oracle","joint",18.4666666666667,8.46666666666667,0,1
0,10,10,0.0870227442616544,TRUE,1e-04,"ARL",TRUE,"misspec","joint",Inf,1421.68831168831,0,0.256666666666667
0,10,10,0.0870227442616544,TRUE,1e-04,"ARL",TRUE,"bounded","average",255.526666666667,245.526666666667,0,1
0,10,10,0.0870227442616544,TRUE,1e-04,"ARL",TRUE,"bounded","product",51.98,41.98,0,1
1,10,10,0.0870227442616544,TRUE,1e-04,"ARL",TRUE,"oracle","joint",30.1933333333333,20.1933333333333,0,1
1,10,10,0.0870227442616544,TRUE,1e-04,"ARL",TRUE,"misspec","joint",Inf,1272.29285714286,0.953333333333333,0.466666666666667
1,10,10,0.0870227442616544,TRUE,1e-04,"ARL",TRUE,"bounded","average",187.303333333333,177.303333333333,0,1
1,10,10,0.0870227442616544,TRUE,1e-04,"ARL",TRUE,"bounded","product",41.8166666666667,31.8166666666667,0,1
0,2,1000,0.0870227442616544,TRUE,1e-04,"ARL",TRUE,"oracle","joint",986.796666666667,8.01333333333333,0.0566666666666667,1
0,2,1000,0.0870227442616544,TRUE,1e-04,"ARL",TRUE,"misspec","joint",1058.78333333333,62.1666666666667,0.00333333333333333,1
0,2,1000,0.0870227442616544,TRUE,1e-04,"ARL",TRUE,"bounded","average",1026.75333333333,31.2166666666667,0.0166666666666667,1
0,2,1000,0.0870227442616544,TRUE,1e-04,"ARL",TRUE,"bounded","product",999.66,24.4466666666667,0.0733333333333333,1
1,2,1000,0.0870227442616544,TRUE,1e-04,"ARL",TRUE,"oracle","joint",989.19,19.8233333333333,0.0533333333333333,1
1,2,1000,0.0870227442616544,TRUE,1e-04,"ARL",TRUE,"misspec","joint",1086.91,100.563333333333,0.03,1
1,2,1000,0.0870227442616544,TRUE,1e-04,"ARL",TRUE,"bounded","average",485.163333333333,30.7533333333333,0.993333333333333,1
1,2,1000,0.0870227442616544,TRUE,1e-04,"ARL",TRUE,"bounded","product",353.333333333333,20.4666666666667,0.99,1
0,10,1000,0.0870227442616544,TRUE,1e-04,"ARL",TRUE,"oracle","joint",977.823333333333,8.41666666666667,0.0566666666666667,1
0,10,1000,0.0870227442616544,TRUE,1e-04,"ARL",TRUE,"misspec","joint",Inf,870.833333333333,0.00666666666666667,0.16
0,10,1000,0.0870227442616544,TRUE,1e-04,"ARL",TRUE,"bounded","average",1113.06333333333,113.063333333333,0,1
0,10,1000,0.0870227442616544,TRUE,1e-04,"ARL",TRUE,"bounded","product",994.89,36.72,0.0766666666666667,1
1,10,1000,0.0870227442616544,TRUE,1e-04,"ARL",TRUE,"oracle","joint",984.416666666667,19.62,0.0633333333333333,1
1,10,1000,0.0870227442616544,TRUE,1e-04,"ARL",TRUE,"misspec","joint",Inf,973.266666666667,0.95,0.35
1,10,1000,0.0870227442616544,TRUE,1e-04,"ARL",TRUE,"bounded","average",428.06,100.5,1,1
1,10,1000,0.0870227442616544,TRUE,1e-04,"ARL",TRUE,"bounded","product",96.71,18.8533333333333,1,1
0,2,10,0.102780853280219,TRUE,1e-04,"ARL",TRUE,"oracle","joint",16.3033333333333,6.30333333333333,0,1
0,2,10,0.102780853280219,TRUE,1e-04,"ARL",TRUE,"misspec","joint",47.6066666666667,37.6066666666667,0,1
0,2,10,0.102780853280219,TRUE,1e-04,"ARL",TRUE,"bounded","average",66.7933333333333,56.7933333333333,0,1
0,2,10,0.102780853280219,TRUE,1e-04,"ARL",TRUE,"bounded","product",44.1333333333333,34.1333333333333,0,1
1,2,10,0.102780853280219,TRUE,1e-04,"ARL",TRUE,"oracle","joint",24.24,14.24,0,1
1,2,10,0.102780853280219,TRUE,1e-04,"ARL",TRUE,"misspec","joint",66.6033333333333,57.6333333333333,0.02,1
1,2,10,0.102780853280219,TRUE,1e-04,"ARL",TRUE,"bounded","average",65.4933333333333,55.4933333333333,0,1
1,2,10,0.102780853280219,TRUE,1e-04,"ARL",TRUE,"bounded","product",43.3,33.3,0,1
0,10,10,0.102780853280219,TRUE,1e-04,"ARL",TRUE,"oracle","joint",16.52,6.52,0,1
0,10,10,0.102780853280219,TRUE,1e-04,"ARL",TRUE,"misspec","joint",Inf,1404.83458646617,0,0.443333333333333
0,10,10,0.102780853280219,TRUE,1e-04,"ARL",TRUE,"bounded","average",222.623333333333,212.623333333333,0,1
0,10,10,0.102780853280219,TRUE,1e-04,"ARL",TRUE,"bounded","product",46.0866666666667,36.0866666666667,0,1
1,10,10,0.102780853280219,TRUE,1e-04,"ARL",TRUE,"oracle","joint",24.2933333333333,14.2933333333333,0,1
1,10,10,0.102780853280219,TRUE,1e-04,"ARL",TRUE,"misspec","joint",Inf,1208.15094339623,0.953333333333333,0.706666666666667
1,10,10,0.102780853280219,TRUE,1e-04,"ARL",TRUE,"bounded","average",170.563333333333,160.563333333333,0,1
1,10,10,0.102780853280219,TRUE,1e-04,"ARL",TRUE,"bounded","product",37.4333333333333,27.4333333333333,0,1
0,2,1000,0.102780853280219,TRUE,1e-04,"ARL",TRUE,"oracle","joint",984.236666666667,6.68,0.0433333333333333,1
0,2,1000,0.102780853280219,TRUE,1e-04,"ARL",TRUE,"misspec","joint",1031.41333333333,34.5433333333333,0.00333333333333333,1
0,2,1000,0.102780853280219,TRUE,1e-04,"ARL",TRUE,"bounded","average",1019.50333333333,26.4833333333333,0.0233333333333333,1
0,2,1000,0.102780853280219,TRUE,1e-04,"ARL",TRUE,"bounded","product",997.476666666667,20.5433333333333,0.0533333333333333,1
1,2,1000,0.102780853280219,TRUE,1e-04,"ARL",TRUE,"oracle","joint",993.313333333333,14.8233333333333,0.0433333333333333,1
1,2,1000,0.102780853280219,TRUE,1e-04,"ARL",TRUE,"misspec","joint",1037.31333333333,56.0066666666667,0.0266666666666667,1
1,2,1000,0.102780853280219,TRUE,1e-04,"ARL",TRUE,"bounded","average",486.323333333333,25.6,0.983333333333333,1
1,2,1000,0.102780853280219,TRUE,1e-04,"ARL",TRUE,"bounded","product",350.93,17.77,0.993333333333333,1
0,10,1000,0.102780853280219,TRUE,1e-04,"ARL",TRUE,"oracle","joint",980.47,6.42666666666667,0.05,1
0,10,1000,0.102780853280219,TRUE,1e-04,"ARL",TRUE,"misspec","joint",Inf,983.941176470588,0.00333333333333333,0.34
0,10,1000,0.102780853280219,TRUE,1e-04,"ARL",TRUE,"bounded","average",1096.37,96.37,0,1
0,10,1000,0.102780853280219,TRUE,1e-04,"ARL",TRUE,"bounded","product",990.94,29.5766666666667,0.0933333333333333,1
1,10,1000,0.102780853280219,TRUE,1e-04,"ARL",TRUE,"oracle","joint",985.576666666667,15.35,0.0533333333333333,1
1,10,1000,0.102780853280219,TRUE,1e-04,"ARL",TRUE,"misspec","joint",Inf,886.416149068323,0.963333333333333,0.536666666666667
1,10,1000,0.102780853280219,TRUE,1e-04,"ARL",TRUE,"bounded","average",427.866666666667,86.4033333333334,1,1
1,10,1000,0.102780853280219,TRUE,1e-04,"ARL",TRUE,"bounded","product",98.2333333333333,16.5566666666667,1,1
0,2,10,0.121392446200583,TRUE,1e-04,"ARL",TRUE,"oracle","joint",14.87,4.87,0,1
0,2,10,0.121392446200583,TRUE,1e-04,"ARL",TRUE,"misspec","joint",26.5533333333333,16.5533333333333,0,1
0,2,10,0.121392446200583,TRUE,1e-04,"ARL",TRUE,"bounded","average",59.2266666666667,49.2266666666667,0,1
0,2,10,0.121392446200583,TRUE,1e-04,"ARL",TRUE,"bounded","product",39.41,29.41,0,1
1,2,10,0.121392446200583,TRUE,1e-04,"ARL",TRUE,"oracle","joint",21.3233333333333,11.3233333333333,0,1
1,2,10,0.121392446200583,TRUE,1e-04,"ARL",TRUE,"misspec","joint",42.75,33.3,0.0166666666666667,1
1,2,10,0.121392446200583,TRUE,1e-04,"ARL",TRUE,"bounded","average",58.2633333333333,48.2633333333333,0,1
1,2,10,0.121392446200583,TRUE,1e-04,"ARL",TRUE,"bounded","product",39.1533333333333,29.1533333333333,0,1
0,10,10,0.121392446200583,TRUE,1e-04,"ARL",TRUE,"oracle","joint",14.9,4.9,0,1
0,10,10,0.121392446200583,TRUE,1e-04,"ARL",TRUE,"misspec","joint",Inf,1257.51131221719,0,0.736666666666667
0,10,10,0.121392446200583,TRUE,1e-04,"ARL",TRUE,"bounded","average",196.073333333333,186.073333333333,0,1
0,10,10,0.121392446200583,TRUE,1e-04,"ARL",TRUE,"bounded","product",41.2666666666667,31.2666666666667,0,1
1,10,10,0.121392446200583,TRUE,1e-04,"ARL",TRUE,"oracle","joint",21.6,11.6,0,1
1,10,10,0.121392446200583,TRUE,1e-04,"ARL",TRUE,"misspec","joint",Inf,922.117424242424,0.953333333333333,0.88
1,10,10,0.121392446200583,TRUE,1e-04,"ARL",TRUE,"bounded","average",155.053333333333,145.053333333333,0,1
1,10,10,0.121392446200583,TRUE,1e-04,"ARL",TRUE,"bounded","product",35.1333333333333,25.1333333333333,0,1
0,2,1000,0.121392446200583,TRUE,1e-04,"ARL",TRUE,"oracle","joint",992.126666666667,4.80333333333333,0.03,1
0,2,1000,0.121392446200583,TRUE,1e-04,"ARL",TRUE,"misspec","joint",1013.86333333333,17.46,0.01,1
0,2,1000,0.121392446200583,TRUE,1e-04,"ARL",TRUE,"bounded","average",1016.89333333333,22.3333333333333,0.03,1
0,2,1000,0.121392446200583,TRUE,1e-04,"ARL",TRUE,"bounded","product",990.043333333333,17.65,0.07,1
1,2,1000,0.121392446200583,TRUE,1e-04,"ARL",TRUE,"oracle","joint",991.296666666667,11.47,0.05,1
1,2,1000,0.121392446200583,TRUE,1e-04,"ARL",TRUE,"misspec","joint",1018.15666666667,32.0733333333333,0.0266666666666667,1
1,2,1000,0.121392446200583,TRUE,1e-04,"ARL",TRUE,"bounded","average",488.96,22.4733333333333,0.996666666666667,1
1,2,1000,0.121392446200583,TRUE,1e-04,"ARL",TRUE,"bounded","product",349.436666666667,15.44,0.99,1
0,10,1000,0.121392446200583,TRUE,1e-04,"ARL",TRUE,"oracle","joint",991.076666666667,5.07333333333333,0.0266666666666667,1
0,10,1000,0.121392446200583,TRUE,1e-04,"ARL",TRUE,"misspec","joint",Inf,765.860465116279,0.00666666666666667,0.573333333333333
0,10,1000,0.121392446200583,TRUE,1e-04,"ARL",TRUE,"bounded","average",1082.99,82.99,0,1
0,10,1000,0.121392446200583,TRUE,1e-04,"ARL",TRUE,"bounded","product",996.716666666667,24.7233333333333,0.06,1
1,10,1000,0.121392446200583,TRUE,1e-04,"ARL",TRUE,"oracle","joint",997.86,11.05,0.03,1
1,10,1000,0.121392446200583,TRUE,1e-04,"ARL",TRUE,"misspec","joint",Inf,747.682403433476,0.956666666666667,0.776666666666667
1,10,1000,0.121392446200583,TRUE,1e-04,"ARL",TRUE,"bounded","average",424.28,76.45,1,1
1,10,1000,0.121392446200583,TRUE,1e-04,"ARL",TRUE,"bounded","product",101.173333333333,15.4466666666667,1,1
0,2,10,0.143374232887377,TRUE,1e-04,"ARL",TRUE,"oracle","joint",13.78,3.78,0,1
0,2,10,0.143374232887377,TRUE,1e-04,"ARL",TRUE,"misspec","joint",20.53,10.53,0,1
0,2,10,0.143374232887377,TRUE,1e-04,"ARL",TRUE,"bounded","average",52.74,42.74,0,1
0,2,10,0.143374232887377,TRUE,1e-04,"ARL",TRUE,"bounded","product",35.5933333333333,25.5933333333333,0,1
1,2,10,0.143374232887377,TRUE,1e-04,"ARL",TRUE,"oracle","joint",18.4333333333333,8.46,0.00333333333333333,1
1,2,10,0.143374232887377,TRUE,1e-04,"ARL",TRUE,"misspec","joint",29.69,20.6733333333333,0.03,1
1,2,10,0.143374232887377,TRUE,1e-04,"ARL",TRUE,"bounded","average",52.4033333333333,42.4033333333333,0,1
1,2,10,0.143374232887377,TRUE,1e-04,"ARL",TRUE,"bounded","product",35.8066666666667,25.8066666666667,0,1
0,10,10,0.143374232887377,TRUE,1e-04,"ARL",TRUE,"oracle","joint",13.7233333333333,3.72333333333333,0,1
0,10,10,0.143374232887377,TRUE,1e-04,"ARL",TRUE,"misspec","joint",Inf,806.946996466431,0,0.943333333333333
0,10,10,0.143374232887377,TRUE,1e-04,"ARL",TRUE,"bounded","average",171.35,161.35,0,1
0,10,10,0.143374232887377,TRUE,1e-04,"ARL",TRUE,"bounded","product",36.93,26.93,0,1
1,10,10,0.143374232887377,TRUE,1e-04,"ARL",TRUE,"oracle","joint",18.61,8.61,0,1
1,10,10,0.143374232887377,TRUE,1e-04,"ARL",TRUE,"misspec","joint",53.4233333333333,593.25,0.94,1
1,10,10,0.143374232887377,TRUE,1e-04,"ARL",TRUE,"bounded","average",140.52,130.52,0,1
1,10,10,0.143374232887377,TRUE,1e-04,"ARL",TRUE,"bounded","product",32.7233333333333,22.7233333333333,0,1
0,2,1000,0.143374232887377,TRUE,1e-04,"ARL",TRUE,"oracle","joint",988.68,3.82666666666667,0.0333333333333333,1
0,2,1000,0.143374232887377,TRUE,1e-04,"ARL",TRUE,"misspec","joint",1002.34333333333,10.1866666666667,0.0166666666666667,1
0,2,1000,0.143374232887377,TRUE,1e-04,"ARL",TRUE,"bounded","average",1012.40666666667,19.9466666666667,0.04,1
0,2,1000,0.143374232887377,TRUE,1e-04,"ARL",TRUE,"bounded","product",996.106666666667,15.3933333333333,0.0666666666666667,1
1,2,1000,0.143374232887377,TRUE,1e-04,"ARL",TRUE,"oracle","joint",985.56,8.63333333333333,0.04,1
1,2,1000,0.143374232887377,TRUE,1e-04,"ARL",TRUE,"misspec","joint",991.303333333333,19.5233333333333,0.0433333333333333,1
1,2,1000,0.143374232887377,TRUE,1e-04,"ARL",TRUE,"bounded","average",492.623333333333,18.9333333333333,0.986666666666667,1
1,2,1000,0.143374232887377,TRUE,1e-04,"ARL",TRUE,"bounded","product",359.143333333333,13.2966666666667,0.986666666666667,1
0,10,1000,0.143374232887377,TRUE,1e-04,"ARL",TRUE,"oracle","joint",995.303333333333,3.83,0.02,1
0,10,1000,0.143374232887377,TRUE,1e-04,"ARL",TRUE,"misspec","joint",Inf,662.625,0,0.88
0,10,1000,0.143374232887377,TRUE,1e-04,"ARL",TRUE,"bounded","average",1069.99666666667,69.9966666666667,0,1
0,10,1000,0.143374232887377,TRUE,1e-04,"ARL",TRUE,"bounded","product",979.36,22.07,0.0933333333333333,1
1,10,1000,0.143374232887377,TRUE,1e-04,"ARL",TRUE,"oracle","joint",990.716666666667,8.63,0.0433333333333333,1
1,10,1000,0.143374232887377,TRUE,1e-04,"ARL",TRUE,"misspec","joint",91.3633333333332,543.041095890411,0.943333333333333,0.973333333333333
1,10,1000,0.143374232887377,TRUE,1e-04,"ARL",TRUE,"bounded","average",424.093333333333,71.1666666666667,1,1
1,10,1000,0.143374232887377,TRUE,1e-04,"ARL",TRUE,"bounded","product",96.7166666666667,12.94,1,1
0,2,10,0.169336489208544,TRUE,1e-04,"ARL",TRUE,"oracle","joint",13.0333333333333,3.03333333333333,0,1
0,2,10,0.169336489208544,TRUE,1e-04,"ARL",TRUE,"misspec","joint",16.1466666666667,6.14666666666667,0,1
0,2,10,0.169336489208544,TRUE,1e-04,"ARL",TRUE,"bounded","average",47.2366666666667,37.2366666666667,0,1
0,2,10,0.169336489208544,TRUE,1e-04,"ARL",TRUE,"bounded","product",32.5366666666667,22.5366666666667,0,1
1,2,10,0.169336489208544,TRUE,1e-04,"ARL",TRUE,"oracle","joint",16.34,6.36,0.00333333333333333,1
1,2,10,0.169336489208544,TRUE,1e-04,"ARL",TRUE,"misspec","joint",21.3833333333333,12.1266666666667,0.04,1
1,2,10,0.169336489208544,TRUE,1e-04,"ARL",TRUE,"bounded","average",46.71,36.71,0,1
1,2,10,0.169336489208544,TRUE,1e-04,"ARL",TRUE,"bounded","product",32.6133333333333,22.6133333333333,0,1
0,10,10,0.169336489208544,TRUE,1e-04,"ARL",TRUE,"oracle","joint",12.99,2.99,0,1
0,10,10,0.169336489208544,TRUE,1e-04,"ARL",TRUE,"misspec","joint",380.46,370.46,0,1
0,10,10,0.169336489208544,TRUE,1e-04,"ARL",TRUE,"bounded","average",149.486666666667,139.486666666667,0,1
0,10,10,0.169336489208544,TRUE,1e-04,"ARL",TRUE,"bounded","product",33.1333333333333,23.1333333333333,0,1
1,10,10,0.169336489208544,TRUE,1e-04,"ARL",TRUE,"oracle","joint",16.6966666666667,6.76,0.00666666666666667,1
1,10,10,0.169336489208544,TRUE,1e-04,"ARL",TRUE,"misspec","joint",14.7333333333333,250.246666666667,0.946666666666667,1
1,10,10,0.169336489208544,TRUE,1e-04,"ARL",TRUE,"bounded","average",126.963333333333,116.963333333333,0,1
1,10,10,0.169336489208544,TRUE,1e-04,"ARL",TRUE,"bounded","product",30.5866666666667,20.5866666666667,0,1
0,2,1000,0.169336489208544,TRUE,1e-04,"ARL",TRUE,"oracle","joint",990.973333333333,2.86,0.0266666666666667,1
0,2,1000,0.169336489208544,TRUE,1e-04,"ARL",TRUE,"misspec","joint",1003.49,6.07,0.00666666666666667,1
0,2,1000,0.169336489208544,TRUE,1e-04,"ARL",TRUE,"bounded","average",1011.21666666667,16.9066666666667,0.0166666666666667,1
0,2,1000,0.169336489208544,TRUE,1e-04,"ARL",TRUE,"bounded","product",990.496666666667,13.2233333333333,0.0566666666666667,1
1,2,1000,0.169336489208544,TRUE,1e-04,"ARL",TRUE,"oracle","joint",976.346666666667,6.33,0.0733333333333333,1
1,2,1000,0.169336489208544,TRUE,1e-04,"ARL",TRUE,"misspec","joint",963.506666666667,11.69,0.0633333333333333,1
1,2,1000,0.169336489208544,TRUE,1e-04,"ARL",TRUE,"bounded","average",480.356666666667,16.38,0.99,1
1,2,1000,0.169336489208544,TRUE,1e-04,"ARL",TRUE,"bounded","product",323.246666666667,11.6733333333333,1,1
0,10,1000,0.169336489208544,TRUE,1e-04,"ARL",TRUE,"oracle","joint",996.156666666667,2.97333333333333,0.0166666666666667,1
0,10,1000,0.169336489208544,TRUE,1e-04,"ARL",TRUE,"misspec","joint",Inf,344.28762541806,0,0.996666666666667
0,10,1000,0.169336489208544,TRUE,1e-04,"ARL",TRUE,"bounded","average",1059.68666666667,59.6866666666667,0,1
0,10,1000,0.169336489208544,TRUE,1e-04,"ARL",TRUE,"bounded","product",992.233333333333,18.83,0.0566666666666667,1
1,10,1000,0.169336489208544,TRUE,1e-04,"ARL",TRUE,"oracle","joint",988.443333333333,6.32,0.0366666666666667,1
1,10,1000,0.169336489208544,TRUE,1e-04,"ARL",TRUE,"misspec","joint",77.3866666666666,260.813333333333,0.94,1
1,10,1000,0.169336489208544,TRUE,1e-04,"ARL",TRUE,"bounded","average",427.026666666667,59.5066666666667,1,1
1,10,1000,0.169336489208544,TRUE,1e-04,"ARL",TRUE,"bounded","product",101.45,11.87,1,1
0,2,10,0.2,TRUE,1e-04,"ARL",TRUE,"oracle","joint",12.2733333333333,2.27333333333333,0,1
0,2,10,0.2,TRUE,1e-04,"ARL",TRUE,"misspec","joint",13.8533333333333,3.85333333333333,0,1
0,2,10,0.2,TRUE,1e-04,"ARL",TRUE,"bounded","average",42.5366666666667,32.5366666666667,0,1
0,2,10,0.2,TRUE,1e-04,"ARL",TRUE,"bounded","product",29.9366666666667,19.9366666666667,0,1
1,2,10,0.2,TRUE,1e-04,"ARL",TRUE,"oracle","joint",15.06,5.10333333333333,0.00333333333333333,1
1,2,10,0.2,TRUE,1e-04,"ARL",TRUE,"misspec","joint",17.0333333333333,7.70333333333333,0.04,1
1,2,10,0.2,TRUE,1e-04,"ARL",TRUE,"bounded","average",42.33,32.33,0,1
1,2,10,0.2,TRUE,1e-04,"ARL",TRUE,"bounded","product",29.9666666666667,19.9666666666667,0,1
0,10,10,0.2,TRUE,1e-04,"ARL",TRUE,"oracle","joint",12.28,2.28,0,1
0,10,10,0.2,TRUE,1e-04,"ARL",TRUE,"misspec","joint",121.736666666667,111.736666666667,0,1
0,10,10,0.2,TRUE,1e-04,"ARL",TRUE,"bounded","average",131.773333333333,121.773333333333,0,1
0,10,10,0.2,TRUE,1e-04,"ARL",TRUE,"bounded","product",30.38,20.38,0,1
1,10,10,0.2,TRUE,1e-04,"ARL",TRUE,"oracle","joint",14.9066666666667,4.94,0.00333333333333333,1
1,10,10,0.2,TRUE,1e-04,"ARL",TRUE,"misspec","joint",8.15333333333333,86.57,0.913333333333333,1
1,10,10,0.2,TRUE,1e-04,"ARL",TRUE,"bounded","average",114.156666666667,104.156666666667,0,1
1,10,10,0.2,TRUE,1e-04,"ARL",TRUE,"bounded","product",28.5133333333333,18.5133333333333,0,1
0,2,1000,0.2,TRUE,1e-04,"ARL",TRUE,"oracle","joint",993.283333333333,2.24,0.02,1
0,2,1000,0.2,TRUE,1e-04,"ARL",TRUE,"misspec","joint",1001.68666666667,3.54666666666667,0.00666666666666667,1
0,2,1000,0.2,TRUE,1e-04,"ARL",TRUE,"bounded","average",1008.69,15.0166666666667,0.0233333333333333,1
0,2,1000,0.2,TRUE,1e-04,"ARL",TRUE,"bounded","product",987.563333333333,11.7066666666667,0.0666666666666667,1
1,2,1000,0.2,TRUE,1e-04,"ARL",TRUE,"oracle","joint",994.95,4.98666666666667,0.0266666666666667,1
1,2,1000,0.2,TRUE,1e-04,"ARL",TRUE,"misspec","joint",965.72,8.07,0.0533333333333333,1
1,2,1000,0.2,TRUE,1e-04,"ARL",TRUE,"bounded","average",494.35,15.5766666666667,0.986666666666667,1
1,2,1000,0.2,TRUE,1e-04,"ARL",TRUE,"bounded","product",343.483333333333,10.69,1,1
0,10,1000,0.2,TRUE,1e-04,"ARL",TRUE,"oracle","joint",990.47,2.19666666666667,0.03,1
0,10,1000,0.2,TRUE,1e-04,"ARL",TRUE,"misspec","joint",1113.08333333333,113.083333333333,0,1
0,10,1000,0.2,TRUE,1e-04,"ARL",TRUE,"bounded","average",1050.36666666667,50.3666666666667,0,1
0,10,1000,0.2,TRUE,1e-04,"ARL",TRUE,"bounded","product",981.53,16.16,0.0833333333333333,1
1,10,1000,0.2,TRUE,1e-04,"ARL",TRUE,"oracle","joint",989.8,5.13666666666667,0.02,1
1,10,1000,0.2,TRUE,1e-04,"ARL",TRUE,"misspec","joint",100.186666666667,105.466666666667,0.913333333333333,1
1,10,1000,0.2,TRUE,1e-04,"ARL",TRUE,"bounded","average",429.02,52.5466666666667,1,1
1,10,1000,0.2,TRUE,1e-04,"ARL",TRUE,"bounded","product",103.483333333333,10.6266666666667,1,1
0,2,10,0,FALSE,1e-04,"ARL",FALSE,"oracle","joint",Inf,NA,0,0
0,2,10,0,FALSE,1e-04,"ARL",FALSE,"misspec","joint",Inf,1707.26315789474,0,0.0633333333333333
0,2,10,0,FALSE,1e-04,"ARL",FALSE,"bounded","average",Inf,1651.16981132075,0,0.176666666666667
1,2,10,0,FALSE,1e-04,"ARL",FALSE,"oracle","joint",Inf,NA,0,0
1,2,10,0,FALSE,1e-04,"ARL",FALSE,"misspec","joint",Inf,1445.18421052632,0,0.126666666666667
1,2,10,0,FALSE,1e-04,"ARL",FALSE,"bounded","average",498.403333333333,488.403333333333,0,1
0,10,10,0,FALSE,1e-04,"ARL",FALSE,"oracle","joint",Inf,NA,0,0
0,10,10,0,FALSE,1e-04,"ARL",FALSE,"misspec","joint",Inf,1733.4,0.00333333333333333,0.05
0,10,10,0,FALSE,1e-04,"ARL",FALSE,"bounded","average",Inf,2161.35714285714,0,0.186666666666667
1,10,10,0,FALSE,1e-04,"ARL",FALSE,"oracle","joint",Inf,NA,0,0
1,10,10,0,FALSE,1e-04,"ARL",FALSE,"misspec","joint",Inf,1467.10714285714,0.01,0.0933333333333333
1,10,10,0,FALSE,1e-04,"ARL",FALSE,"bounded","average",442.176666666667,432.176666666667,0,1
0,2,1000,0,FALSE,1e-04,"ARL",FALSE,"oracle","joint",Inf,NA,0,0
0,2,1000,0,FALSE,1e-04,"ARL",FALSE,"misspec","joint",Inf,877.071428571429,0.0333333333333333,0.0466666666666667
0,2,1000,0,FALSE,1e-04,"ARL",FALSE,"bounded","average",Inf,1077.17307692308,0.0166666666666667,0.173333333333333
1,2,1000,0,FALSE,1e-04,"ARL",FALSE,"oracle","joint",Inf,NA,0,0
1,2,1000,0,FALSE,1e-04,"ARL",FALSE,"misspec","joint",Inf,939,0.0566666666666667,0.133333333333333
1,2,1000,0,FALSE,1e-04,"ARL",FALSE,"bounded","average",491.71,300.426666666667,0.99,1
0,10,1000,0,FALSE,1e-04,"ARL",FALSE,"oracle","joint",Inf,NA,0,0
0,10,1000,0,FALSE,1e-04,"ARL",FALSE,"misspec","joint",Inf,938.222222222222,0.0133333333333333,0.06
0,10,1000,0,FALSE,1e-04,"ARL",FALSE,"bounded","average",Inf,1069.70731707317,0,0.136666666666667
1,10,1000,0,FALSE,1e-04,"ARL",FALSE,"oracle","joint",Inf,NA,0,0
1,10,1000,0,FALSE,1e-04,"ARL",FALSE,"misspec","joint",Inf,1091.61904761905,0.0433333333333333,0.07
1,10,1000,0,FALSE,1e-04,"ARL",FALSE,"bounded","average",444.336666666667,259.343333333333,1,1
0,2,10,0.01,FALSE,1e-04,"ARL",FALSE,"oracle","joint",411.963333333333,401.963333333333,0,1
0,2,10,0.01,FALSE,1e-04,"ARL",FALSE,"misspec","joint",Inf,1435.24691358025,0,0.27
0,2,10,0.01,FALSE,1e-04,"ARL",FALSE,"bounded","average",636.706666666666,626.706666666666,0,1
1,2,10,0.01,FALSE,1e-04,"ARL",FALSE,"oracle","joint",Inf,759.130434782609,0,0.996666666666667
1,2,10,0.01,FALSE,1e-04,"ARL",FALSE,"misspec","joint",Inf,1285.93617021277,0.00666666666666667,0.313333333333333
1,2,10,0.01,FALSE,1e-04,"ARL",FALSE,"bounded","average",300.956666666667,290.956666666667,0,1
0,10,10,0.01,FALSE,1e-04,"ARL",FALSE,"oracle","joint",845.936666666667,835.936666666667,0,1
0,10,10,0.01,FALSE,1e-04,"ARL",FALSE,"misspec","joint",Inf,1505.15625,0,0.106666666666667
0,10,10,0.01,FALSE,1e-04,"ARL",FALSE,"bounded","average",Inf,1247.51351351351,0,0.986666666666667
1,10,10,0.01,FALSE,1e-04,"ARL",FALSE,"oracle","joint",Inf,1530.23344947735,0,0.956666666666667
1,10,10,0.01,FALSE,1e-04,"ARL",FALSE,"misspec","joint",Inf,1345.60784313725,0.0166666666666667,0.17
1,10,10,0.01,FALSE,1e-04,"ARL",FALSE,"bounded","average",350.573333333333,340.573333333333,0,1
0,2,1000,0.01,FALSE,1e-04,"ARL",FALSE,"oracle","joint",1259.14,308.606666666667,0.08,1
0,2,1000,0.01,FALSE,1e-04,"ARL",FALSE,"misspec","joint",Inf,873.8125,0.0333333333333333,0.213333333333333
0,2,1000,0.01,FALSE,1e-04,"ARL",FALSE,"bounded","average",1400.45333333333,412.806666666667,0.0166666666666667,1
1,2,1000,0.01,FALSE,1e-04,"ARL",FALSE,"oracle","joint",Inf,613.291946308725,0.0533333333333333,0.993333333333333
1,2,1000,0.01,FALSE,1e-04,"ARL",FALSE,"misspec","joint",Inf,989.177419354839,0.0566666666666667,0.206666666666667
1,2,1000,0.01,FALSE,1e-04,"ARL",FALSE,"bounded","average",470.733333333333,149.056666666667,0.976666666666667,1
0,10,1000,0.01,FALSE,1e-04,"ARL",FALSE,"oracle","joint",Inf,612.114093959731,0.04,0.993333333333333
0,10,1000,0.01,FALSE,1e-04,"ARL",FALSE,"misspec","joint",Inf,1059,0.0133333333333333,0.09
0,10,1000,0.01,FALSE,1e-04,"ARL",FALSE,"bounded","average",Inf,784.047619047619,0,0.98
1,10,1000,0.01,FALSE,1e-04,"ARL",FALSE,"oracle","joint",Inf,985.378787878788,0,0.88
1,10,1000,0.01,FALSE,1e-04,"ARL",FALSE,"misspec","joint",Inf,1025.85365853659,0.06,0.136666666666667
1,10,1000,0.01,FALSE,1e-04,"ARL",FALSE,"bounded","average",442.953333333333,190.97,1,1
0,2,10,0.0118108035034134,FALSE,1e-04,"ARL",FALSE,"oracle","joint",301.343333333333,291.343333333333,0,1
0,2,10,0.0118108035034134,FALSE,1e-04,"ARL",FALSE,"misspec","joint",Inf,1363.14814814815,0.00333333333333333,0.27
0,2,10,0.0118108035034134,FALSE,1e-04,"ARL",FALSE,"bounded","average",489.596666666667,479.596666666667,0,1
1,2,10,0.0118108035034134,FALSE,1e-04,"ARL",FALSE,"oracle","joint",Inf,644.28093645485,0,0.996666666666667
1,2,10,0.0118108035034134,FALSE,1e-04,"ARL",FALSE,"misspec","joint",Inf,1340.14583333333,0,0.32
1,2,10,0.0118108035034134,FALSE,1e-04,"ARL",FALSE,"bounded","average",269.14,259.14,0,1
0,10,10,0.0118108035034134,FALSE,1e-04,"ARL",FALSE,"oracle","joint",655.58,645.58,0,1
0,10,10,0.0118108035034134,FALSE,1e-04,"ARL",FALSE,"misspec","joint",Inf,1469.86046511628,0,0.143333333333333
0,10,10,0.0118108035034134,FALSE,1e-04,"ARL",FALSE,"bounded","average",Inf,1044.13043478261,0,0.996666666666667
1,10,10,0.0118108035034134,FALSE,1e-04,"ARL",FALSE,"oracle","joint",Inf,1270.00687285223,0,0.97
1,10,10,0.0118108035034134,FALSE,1e-04,"ARL",FALSE,"misspec","joint",Inf,1551.61538461538,0.0133333333333333,0.173333333333333
1,10,10,0.0118108035034134,FALSE,1e-04,"ARL",FALSE,"bounded","average",347.163333333333,337.163333333333,0,1
0,2,1000,0.0118108035034134,FALSE,1e-04,"ARL",FALSE,"oracle","joint",1214.36,249.946666666667,0.05,1
0,2,1000,0.0118108035034134,FALSE,1e-04,"ARL",FALSE,"misspec","joint",Inf,875.814814814815,0.0366666666666667,0.18
0,2,1000,0.0118108035034134,FALSE,1e-04,"ARL",FALSE,"bounded","average",1299.25,313.666666666667,0.02,1
1,2,1000,0.0118108035034134,FALSE,1e-04,"ARL",FALSE,"oracle","joint",Inf,498.789297658863,0.0266666666666667,0.996666666666667
1,2,1000,0.0118108035034134,FALSE,1e-04,"ARL",FALSE,"misspec","joint",Inf,916.381443298969,0.05,0.323333333333333
1,2,1000,0.0118108035034134,FALSE,1e-04,"ARL",FALSE,"bounded","average",483.64,141.33,0.98,1
0,10,1000,0.0118108035034134,FALSE,1e-04,"ARL",FALSE,"oracle","joint",Inf,500.673400673401,0.05,0.99
0,10,1000,0.0118108035034134,FALSE,1e-04,"ARL",FALSE,"misspec","joint",Inf,987.473684210526,0.0133333333333333,0.0633333333333333
0,10,1000,0.0118108035034134,FALSE,1e-04,"ARL",FALSE,"bounded","average",1705.82666666667,710.55,0.00333333333333333,1
1,10,1000,0.0118108035034134,FALSE,1e-04,"ARL",FALSE,"oracle","joint",Inf,853.465949820789,0.0133333333333333,0.93
1,10,1000,0.0118108035034134,FALSE,1e-04,"ARL",FALSE,"misspec","joint",Inf,1075.51063829787,0.0433333333333333,0.156666666666667
1,10,1000,0.0118108035034134,FALSE,1e-04,"ARL",FALSE,"bounded","average",460.43,176.343333333333,1,1
0,2,10,0.0139495079396242,FALSE,1e-04,"ARL",FALSE,"oracle","joint",240.516666666667,230.516666666667,0,1
0,2,10,0.0139495079396242,FALSE,1e-04,"ARL",FALSE,"misspec","joint",Inf,1353.13461538462,0,0.346666666666667
0,2,10,0.0139495079396242,FALSE,1e-04,"ARL",FALSE,"bounded","average",414.096666666667,404.096666666667,0,1
1,2,10,0.0139495079396242,FALSE,1e-04,"ARL",FALSE,"oracle","joint",539.71,529.71,0,1
1,2,10,0.0139495079396242,FALSE,1e-04,"ARL",FALSE,"misspec","joint",Inf,1312.00746268657,0.00333333333333333,0.446666666666667
1,2,10,0.0139495079396242,FALSE,1e-04,"ARL",FALSE,"bounded","average",256.236666666667,246.236666666667,0,1
0,10,10,0.0139495079396242,FALSE,1e-04,"ARL",FALSE,"oracle","joint",516.913333333333,506.913333333333,0,1
0,10,10,0.0139495079396242,FALSE,1e-04,"ARL",FALSE,"misspec","joint",Inf,1220.81818181818,0,0.11
0,10,10,0.0139495079396242,FALSE,1e-04,"ARL",FALSE,"bounded","average",848.9,838.9,0,1
1,10,10,0.0139495079396242,FALSE,1e-04,"ARL",FALSE,"oracle","joint",Inf,1077.22818791946,0,0.993333333333333
1,10,10,0.0139495079396242,FALSE,1e-04,"ARL",FALSE,"misspec","joint",Inf,1278.40625,0.01,0.213333333333333
1,10,10,0.0139495079396242,FALSE,1e-04,"ARL",FALSE,"bounded","average",328.32,318.32,0,1
0,2,1000,0.0139495079396242,FALSE,1e-04,"ARL",FALSE,"oracle","joint",1143.30666666667,189.456666666667,0.0766666666666667,1
0,2,1000,0.0139495079396242,FALSE,1e-04,"ARL",FALSE,"misspec","joint",Inf,918.758620689655,0.0266666666666667,0.29
0,2,1000,0.0139495079396242,FALSE,1e-04,"ARL",FALSE,"bounded","average",1239.26333333333,251.813333333333,0.0266666666666667,1
1,2,1000,0.0139495079396242,FALSE,1e-04,"ARL",FALSE,"oracle","joint",1345.41333333333,392.42,0.06,1
1,2,1000,0.0139495079396242,FALSE,1e-04,"ARL",FALSE,"misspec","joint",Inf,1009.53191489362,0.04,0.313333333333333
1,2,1000,0.0139495079396242,FALSE,1e-04,"ARL",FALSE,"bounded","average",483.326666666667,132.5,0.976666666666667,1
0,10,1000,0.0139495079396242,FALSE,1e-04,"ARL",FALSE,"oracle","joint",1344.64,400.451505016722,0.0666666666666667,0.996666666666667
0,10,1000,0.0139495079396242,FALSE,1e-04,"ARL",FALSE,"misspec","joint",Inf,1115.22727272727,0.0366666666666667,0.0733333333333333
0,10,1000,0.0139495079396242,FALSE,1e-04,"ARL",FALSE,"bounded","average",Inf,546.622073578595,0.00333333333333333,0.996666666666667
1,10,1000,0.0139495079396242,FALSE,1e-04,"ARL",FALSE,"oracle","joint",Inf,754.281355932203,0.02,0.983333333333333
1,10,1000,0.0139495079396242,FALSE,1e-04,"ARL",FALSE,"misspec","joint",Inf,911.945945945946,0.0366666666666667,0.123333333333333
1,10,1000,0.0139495079396242,FALSE,1e-04,"ARL",FALSE,"bounded","average",449.273333333333,176.703333333333,1,1
0,2,10,0.0164754897244207,FALSE,1e-04,"ARL",FALSE,"oracle","joint",184.216666666667,174.216666666667,0,1
0,2,10,0.0164754897244207,FALSE,1e-04,"ARL",FALSE,"misspec","joint",Inf,1351.30405405405,0,0.493333333333333
0,2,10,0.0164754897244207,FALSE,1e-04,"ARL",FALSE,"bounded","average",313.14,303.14,0,1
1,2,10,0.0164754897244207,FALSE,1e-04,"ARL",FALSE,"oracle","joint",401.833333333333,391.833333333333,0,1
1,2,10,0.0164754897244207,FALSE,1e-04,"ARL",FALSE,"misspec","joint",Inf,1320.10563380282,0.00666666666666667,0.473333333333333
1,2,10,0.0164754897244207,FALSE,1e-04,"ARL",FALSE,"bounded","average",236.06,226.06,0,1
0,10,10,0.0164754897244207,FALSE,1e-04,"ARL",FALSE,"oracle","joint",390.506666666667,380.506666666667,0,1
0,10,10,0.0164754897244207,FALSE,1e-04,"ARL",FALSE,"misspec","joint",Inf,1454.56,0,0.166666666666667
0,10,10,0.0164754897244207,FALSE,1e-04,"ARL",FALSE,"bounded","average",753.066666666667,743.066666666667,0,1
1,10,10,0.0164754897244207,FALSE,1e-04,"ARL",FALSE,"oracle","joint",Inf,842.448160535117,0,0.996666666666667
1,10,10,0.0164754897244207,FALSE,1e-04,"ARL",FALSE,"misspec","joint",Inf,1283.08333333333,0.01,0.2
1,10,10,0.0164754897244207,FALSE,1e-04,"ARL",FALSE,"bounded","average",314.623333333333,304.623333333333,0,1
0,2,1000,0.0164754897244207,FALSE,1e-04,"ARL",FALSE,"oracle","joint",1110.22333333333,144.673333333333,0.07,1
0,2,1000,0.0164754897244207,FALSE,1e-04,"ARL",FALSE,"misspec","joint",Inf,1037.83333333333,0.04,0.3
0,2,1000,0.0164754897244207,FALSE,1e-04,"ARL",FALSE,"bounded","average",1195.04666666667,200.216666666667,0.0133333333333333,1
1,2,1000,0.0164754897244207,FALSE,1e-04,"ARL",FALSE,"oracle","joint",1276.33666666667,309.966666666667,0.0566666666666667,1
1,2,1000,0.0164754897244207,FALSE,1e-04,"ARL",FALSE,"misspec","joint",Inf,952.82905982906,0.0466666666666667,0.39
1,2,1000,0.0164754897244207,FALSE,1e-04,"ARL",FALSE,"bounded","average",497.183333333333,118.036666666667,0.986666666666667,1
0,10,1000,0.0164754897244207,FALSE,1e-04,"ARL",FALSE,"oracle","joint",1284.58333333333,322.163333333333,0.0566666666666667,1
0,10,1000,0.0164754897244207,FALSE,1e-04,"ARL",FALSE,"misspec","joint",Inf,1089.03448275862,0.0366666666666667,0.0966666666666667
0,10,1000,0.0164754897244207,FALSE,1e-04,"ARL",FALSE,"bounded","average",1442.68,448.776666666667,0.00666666666666667,1
1,10,1000,0.0164754897244207,FALSE,1e-04,"ARL",FALSE,"oracle","joint",1606.16333333333,648.503333333333,0.0466666666666667,1
1,10,1000,0.0164754897244207,FALSE,1e-04,"ARL",FALSE,"misspec","joint",Inf,727.71052631579,0.0333333333333333,0.126666666666667
1,10,1000,0.0164754897244207,FALSE,1e-04,"ARL",FALSE,"bounded","average",448.456666666667,162.613333333333,1,1
0,2,10,0.0194588771757639,FALSE,1e-04,"ARL",FALSE,"oracle","joint",143.716666666667,133.716666666667,0,1
0,2,10,0.0194588771757639,FALSE,1e-04,"ARL",FALSE,"misspec","joint",Inf,1350.82840236686,0,0.563333333333333
0,2,10,0.0194588771757639,FALSE,1e-04,"ARL",FALSE,"bounded","average",265.71,255.71,0,1
1,2,10,0.0194588771757639,FALSE,1e-04,"ARL",FALSE,"oracle","joint",300.623333333333,290.623333333333,0,1
1,2,10,0.0194588771757639,FALSE,1e-04,"ARL",FALSE,"misspec","joint",Inf,1265.67582417582,0.00333333333333333,0.606666666666667
1,2,10,0.0194588771757639,FALSE,1e-04,"ARL",FALSE,"bounded","average",202.013333333333,192.013333333333,0,1
0,10,10,0.0194588771757639,FALSE,1e-04,"ARL",FALSE,"oracle","joint",330.903333333333,320.903333333333,0,1
0,10,10,0.0194588771757639,FALSE,1e-04,"ARL",FALSE,"misspec","joint",Inf,1370.73170731707,0,0.136666666666667
0,10,10,0.0194588771757639,FALSE,1e-04,"ARL",FALSE,"bounded","average",620.493333333333,610.493333333333,0,1
1,10,10,0.0194588771757639,FALSE,1e-04,"ARL",FALSE,"oracle","joint",672.12,662.12,0,1
1,10,10,0.0194588771757639,FALSE,1e-04,"ARL",FALSE,"misspec","joint",Inf,1232.41558441558,0.00666666666666667,0.256666666666667
1,10,10,0.0194588771757639,FALSE,1e-04,"ARL",FALSE,"bounded","average",294.223333333333,284.223333333333,0,1
0,2,1000,0.0194588771757639,FALSE,1e-04,"ARL",FALSE,"oracle","joint",1068.34666666667,112.413333333333,0.0733333333333333,1
0,2,1000,0.0194588771757639,FALSE,1e-04,"ARL",FALSE,"misspec","joint",Inf,863.714285714286,0.0266666666666667,0.466666666666667
0,2,1000,0.0194588771757639,FALSE,1e-04,"ARL",FALSE,"bounded","average",1138.41,151.333333333333,0.03,1
1,2,1000,0.0194588771757639,FALSE,1e-04,"ARL",FALSE,"oracle","joint",1200.76333333333,252.666666666667,0.0866666666666667,1
1,2,1000,0.0194588771757639,FALSE,1e-04,"ARL",FALSE,"misspec","joint",Inf,971.72602739726,0.05,0.486666666666667
1,2,1000,0.0194588771757639,FALSE,1e-04,"ARL",FALSE,"bounded","average",514.95,104.25,0.976666666666667,1
0,10,1000,0.0194588771757639,FALSE,1e-04,"ARL",FALSE,"oracle","joint",1203.34333333333,257.906666666667,0.0833333333333333,1
0,10,1000,0.0194588771757639,FALSE,1e-04,"ARL",FALSE,"misspec","joint",Inf,946.179487179487,0.0233333333333333,0.13
0,10,1000,0.0194588771757639,FALSE,1e-04,"ARL",FALSE,"bounded","average",1347.87,351.823333333333,0.00666666666666667,1
1,10,1000,0.0194588771757639,FALSE,1e-04,"ARL",FALSE,"oracle","joint",1448.26333333333,502.113333333333,0.0633333333333333,1
1,10,1000,0.0194588771757639,FALSE,1e-04,"ARL",FALSE,"misspec","joint",Inf,960.85,0.05,0.2
1,10,1000,0.0194588771757639,FALSE,1e-04,"ARL",FALSE,"bounded","average",460.793333333333,144.656666666667,1,1
0,2,10,0.0229824974720003,FALSE,1e-04,"ARL",FALSE,"oracle","joint",110.013333333333,100.013333333333,0,1
0,2,10,0.0229824974720003,FALSE,1e-04,"ARL",FALSE,"misspec","joint",Inf,1284.95024875622,0,0.67
0,2,10,0.0229824974720003,FALSE,1e-04,"ARL",FALSE,"bounded","average",218.483333333333,208.483333333333,0,1
1,2,10,0.0229824974720003,FALSE,1e-04,"ARL",FALSE,"oracle","joint",236.1,226.1,0,1
1,2,10,0.0229824974720003,FALSE,1e-04,"ARL",FALSE,"misspec","joint",Inf,1175.46046511628,0,0.716666666666667
1,2,10,0.0229824974720003,FALSE,1e-04,"ARL",FALSE,"bounded","average",180.443333333333,170.443333333333,0,1
0,10,10,0.0229824974720003,FALSE,1e-04,"ARL",FALSE,"oracle","joint",254.82,244.82,0,1
0,10,10,0.0229824974720003,FALSE,1e-04,"ARL",FALSE,"misspec","joint",Inf,1472.7962962963,0,0.18
0,10,10,0.0229824974720003,FALSE,1e-04,"ARL",FALSE,"bounded","average",520.86,510.86,0,1
1,10,10,0.0229824974720003,FALSE,1e-04,"ARL",FALSE,"oracle","joint",522.43,512.43,0,1
1,10,10,0.0229824974720003,FALSE,1e-04,"ARL",FALSE,"misspec","joint",Inf,1351.66666666667,0.0133333333333333,0.31
1,10,10,0.0229824974720003,FALSE,1e-04,"ARL",FALSE,"bounded","average",273.736666666667,263.736666666667,0,1
0,2,1000,0.0229824974720003,FALSE,1e-04,"ARL",FALSE,"oracle","joint",1039.53,85.1266666666667,0.09,1
0,2,1000,0.0229824974720003,FALSE,1e-04,"ARL",FALSE,"misspec","joint",Inf,864.708333333333,0.02,0.56
0,2,1000,0.0229824974720003,FALSE,1e-04,"ARL",FALSE,"bounded","average",1114.53333333333,121.18,0.0266666666666667,1
1,2,1000,0.0229824974720003,FALSE,1e-04,"ARL",FALSE,"oracle","joint",1149.89333333333,194.193333333333,0.07,1
1,2,1000,0.0229824974720003,FALSE,1e-04,"ARL",FALSE,"misspec","joint",Inf,846.574712643678,0.0466666666666667,0.58
1,2,1000,0.0229824974720003,FALSE,1e-04,"ARL",FALSE,"bounded","average",496.943333333333,83.8866666666667,0.99,1
0,10,1000,0.0229824974720003,FALSE,1e-04,"ARL",FALSE,"oracle","joint",1193.76,218.78,0.0466666666666667,1
0,10,1000,0.0229824974720003,FALSE,1e-04,"ARL",FALSE,"misspec","joint",Inf,1003.15,0.0166666666666667,0.2
0,10,1000,0.0229824974720003,FALSE,1e-04,"ARL",FALSE,"bounded","average",1292.23333333333,303.146666666667,0.0166666666666667,1
1,10,1000,0.0229824974720003,FALSE,1e-04,"ARL",FALSE,"oracle","joint",1379.49666666667,414.726666666667,0.0466666666666667,1
1,10,1000,0.0229824974720003,FALSE,1e-04,"ARL",FALSE,"misspec","joint",Inf,887.928571428571,0.0433333333333333,0.233333333333333
1,10,1000,0.0229824974720003,FALSE,1e-04,"ARL",FALSE,"bounded","average",444.656666666667,141.046666666667,1,1
0,2,10,0.0271441761659491,FALSE,1e-04,"ARL",FALSE,"oracle","joint",85.63,75.63,0,1
0,2,10,0.0271441761659491,FALSE,1e-04,"ARL",FALSE,"misspec","joint",Inf,1028.3275862069,0,0.773333333333333
0,2,10,0.0271441761659491,FALSE,1e-04,"ARL",FALSE,"bounded","average",178.516666666667,168.516666666667,0,1
1,2,10,0.0271441761659491,FALSE,1e-04,"ARL",FALSE,"oracle","joint",186.376666666667,176.376666666667,0,1
1,2,10,0.0271441761659491,FALSE,1e-04,"ARL",FALSE,"misspec","joint",Inf,1152.32549019608,0.00333333333333333,0.85
1,2,10,0.0271441761659491,FALSE,1e-04,"ARL",FALSE,"bounded","average",164.523333333333,154.523333333333,0,1
0,10,10,0.0271441761659491,FALSE,1e-04,"ARL",FALSE,"oracle","joint",188.663333333333,178.663333333333,0,1
0,10,10,0.0271441761659491,FALSE,1e-04,"ARL",FALSE,"misspec","joint",Inf,1364.21212121212,0,0.22
0,10,10,0.0271441761659491,FALSE,1e-04,"ARL",FALSE,"bounded","average",427.55,417.55,0,1
1,10,10,0.0271441761659491,FALSE,1e-04,"ARL",FALSE,"oracle","joint",426.77,416.77,0,1
1,10,10,0.0271441761659491,FALSE,1e-04,"ARL",FALSE,"misspec","joint",Inf,1383.37837837838,0.00666666666666667,0.37
1,10,10,0.0271441761659491,FALSE,1e-04,"ARL",FALSE,"bounded","average",249.713333333333,239.713333333333,0,1
0,2,1000,0.0271441761659491,FALSE,1e-04,"ARL",FALSE,"oracle","joint",1026.20333333333,69.5766666666667,0.0733333333333333,1
0,2,1000,0.0271441761659491,FALSE,1e-04,"ARL",FALSE,"misspec","joint",Inf,862.442786069652,0.0133333333333333,0.67
0,2,1000,0.0271441761659491,FALSE,1e-04,"ARL",FALSE,"bounded","average",1078.81333333333,94.67,0.0433333333333333,1
1,2,1000,0.0271441761659491,FALSE,1e-04,"ARL",FALSE,"oracle","joint",1107.38666666667,152.293333333333,0.0833333333333333,1
1,2,1000,0.0271441761659491,FALSE,1e-04,"ARL",FALSE,"misspec","joint",Inf,910.35175879397,0.0433333333333333,0.663333333333333
1,2,1000,0.0271441761659491,FALSE,1e-04,"ARL",FALSE,"bounded","average",506.87,77.5566666666667,0.98,1
0,10,1000,0.0271441761659491,FALSE,1e-04,"ARL",FALSE,"oracle","joint",1114.45666666667,163.116666666667,0.0766666666666667,1
0,10,1000,0.0271441761659491,FALSE,1e-04,"ARL",FALSE,"misspec","joint",Inf,963.481481481481,0.03,0.18
0,10,1000,0.0271441761659491,FALSE,1e-04,"ARL",FALSE,"bounded","average",1227.93666666667,232.976666666667,0.01,1
1,10,1000,0.0271441761659491,FALSE,1e-04,"ARL",FALSE,"oracle","joint",1274.58,309.563333333333,0.05,1
1,10,1000,0.0271441761659491,FALSE,1e-04,"ARL",FALSE,"misspec","joint",Inf,839.443037974684,0.05,0.263333333333333
1,10,1000,0.0271441761659491,FALSE,1e-04,"ARL",FALSE,"bounded","average",451.44,130.85,1,1
0,2,10,0.0320594530958062,FALSE,1e-04,"ARL",FALSE,"oracle","joint",68.6366666666667,58.6366666666667,0,1
0,2,10,0.0320594530958062,FALSE,1e-04,"ARL",FALSE,"misspec","joint",Inf,981.754646840149,0,0.896666666666667
0,2,10,0.0320594530958062,FALSE,1e-04,"ARL",FALSE,"bounded","average",147.1,137.1,0,1
1,2,10,0.0320594530958062,FALSE,1e-04,"ARL",FALSE,"oracle","joint",143.683333333333,133.683333333333,0,1
1,2,10,0.0320594530958062,FALSE,1e-04,"ARL",FALSE,"misspec","joint",Inf,917.326241134752,0,0.94
1,2,10,0.0320594530958062,FALSE,1e-04,"ARL",FALSE,"bounded","average",139.64,129.64,0,1
0,10,10,0.0320594530958062,FALSE,1e-04,"ARL",FALSE,"oracle","joint",145.093333333333,135.093333333333,0,1
0,10,10,0.0320594530958062,FALSE,1e-04,"ARL",FALSE,"misspec","joint",Inf,1393.14285714286,0,0.326666666666667
0,10,10,0.0320594530958062,FALSE,1e-04,"ARL",FALSE,"bounded","average",353.44,343.44,0,1
1,10,10,0.0320594530958062,FALSE,1e-04,"ARL",FALSE,"oracle","joint",322.133333333333,312.133333333333,0,1
1,10,10,0.0320594530958062,FALSE,1e-04,"ARL",FALSE,"misspec","joint",Inf,1257.41525423729,0.01,0.393333333333333
1,10,10,0.0320594530958062,FALSE,1e-04,"ARL",FALSE,"bounded","average",233.606666666667,223.606666666667,0,1
0,2,1000,0.0320594530958062,FALSE,1e-04,"ARL",FALSE,"oracle","joint",1001.89666666667,53.87,0.0933333333333333,1
0,2,1000,0.0320594530958062,FALSE,1e-04,"ARL",FALSE,"misspec","joint",Inf,774.040485829959,0.0233333333333333,0.823333333333333
0,2,1000,0.0320594530958062,FALSE,1e-04,"ARL",FALSE,"bounded","average",1062.13666666667,74.55,0.0366666666666667,1
1,2,1000,0.0320594530958062,FALSE,1e-04,"ARL",FALSE,"oracle","joint",1059.61333333333,113.93,0.0866666666666667,1
1,2,1000,0.0320594530958062,FALSE,1e-04,"ARL",FALSE,"misspec","joint",Inf,813.769230769231,0.0366666666666667,0.78
1,2,1000,0.0320594530958062,FALSE,1e-04,"ARL",FALSE,"bounded","average",497.22,69.14,0.99,1
0,10,1000,0.0320594530958062,FALSE,1e-04,"ARL",FALSE,"oracle","joint",1088.16333333333,120.43,0.0666666666666667,1
0,10,1000,0.0320594530958062,FALSE,1e-04,"ARL",FALSE,"misspec","joint",Inf,1051.29577464789,0.0133333333333333,0.236666666666667
0,10,1000,0.0320594530958062,FALSE,1e-04,"ARL",FALSE,"bounded","average",1186.97666666667,189.003333333333,0.00333333333333333,1
1,10,1000,0.0320594530958062,FALSE,1e-04,"ARL",FALSE,"oracle","joint",1215.87666666667,259.22,0.0633333333333333,1
1,10,1000,0.0320594530958062,FALSE,1e-04,"ARL",FALSE,"misspec","joint",Inf,983.964285714286,0.0333333333333333,0.28
1,10,1000,0.0320594530958062,FALSE,1e-04,"ARL",FALSE,"bounded","average",443.073333333333,114.346666666667,1,1
0,2,10,0.0378647900941465,FALSE,1e-04,"ARL",FALSE,"oracle","joint",50.9733333333333,40.9733333333333,0,1
0,2,10,0.0378647900941465,FALSE,1e-04,"ARL",FALSE,"misspec","joint",Inf,707.058620689655,0,0.966666666666667
0,2,10,0.0378647900941465,FALSE,1e-04,"ARL",FALSE,"bounded","average",123.863333333333,113.863333333333,0,1
1,2,10,0.0378647900941465,FALSE,1e-04,"ARL",FALSE,"oracle","joint",107.823333333333,97.8233333333333,0,1
1,2,10,0.0378647900941465,FALSE,1e-04,"ARL",FALSE,"misspec","joint",Inf,722.448630136986,0,0.973333333333333
1,2,10,0.0378647900941465,FALSE,1e-04,"ARL",FALSE,"bounded","average",120.29,110.29,0,1
0,10,10,0.0378647900941465,FALSE,1e-04,"ARL",FALSE,"oracle","joint",110.756666666667,100.756666666667,0,1
0,10,10,0.0378647900941465,FALSE,1e-04,"ARL",FALSE,"misspec","joint",Inf,1286.5,0,0.346666666666667
0,10,10,0.0378647900941465,FALSE,1e-04,"ARL",FALSE,"bounded","average",288.85,278.85,0,1
1,10,10,0.0378647900941465,FALSE,1e-04,"ARL",FALSE,"oracle","joint",248.906666666667,238.906666666667,0,1
1,10,10,0.0378647900941465,FALSE,1e-04,"ARL",FALSE,"misspec","joint",Inf,1211.21935483871,0.00333333333333333,0.516666666666667
1,10,10,0.0378647900941465,FALSE,1e-04,"ARL",FALSE,"bounded","average",212.973333333333,202.973333333333,0,1
0,2,1000,0.0378647900941465,FALSE,1e-04,"ARL",FALSE,"oracle","joint",1007.9,39.56,0.0533333333333333,1
0,2,1000,0.0378647900941465,FALSE,1e-04,"ARL",FALSE,"misspec","joint",Inf,634.007117437722,0.0233333333333333,0.936666666666667
0,2,1000,0.0378647900941465,FALSE,1e-04,"ARL",FALSE,"bounded","average",1056.40666666667,59.62,0.01,1
1,2,1000,0.0378647900941465,FALSE,1e-04,"ARL",FALSE,"oracle","joint",1054.24333333333,89.31,0.06,1
1,2,1000,0.0378647900941465,FALSE,1e-04,"ARL",FALSE,"misspec","joint",Inf,632.547794117647,0.04,0.906666666666667
1,2,1000,0.0378647900941465,FALSE,1e-04,"ARL",FALSE,"bounded","average",514.473333333333,55.4566666666667,0.973333333333333,1
0,10,1000,0.0378647900941465,FALSE,1e-04,"ARL",FALSE,"oracle","joint",1041.76333333333,91.2066666666667,0.106666666666667,1
0,10,1000,0.0378647900941465,FALSE,1e-04,"ARL",FALSE,"misspec","joint",Inf,764.851351351351,0.00333333333333333,0.246666666666667
0,10,1000,0.0378647900941465,FALSE,1e-04,"ARL",FALSE,"bounded","average",1138.14,142.433333333333,0.01,1
1,10,1000,0.0378647900941465,FALSE,1e-04,"ARL",FALSE,"oracle","joint",1147.5,199.75,0.07,1
1,10,1000,0.0378647900941465,FALSE,1e-04,"ARL",FALSE,"misspec","joint",Inf,837.34,0.0633333333333333,0.333333333333333
1,10,1000,0.0378647900941465,FALSE,1e-04,"ARL",FALSE,"bounded","average",439.17,105.04,1,1
0,2,10,0.0447213595499958,FALSE,1e-04,"ARL",FALSE,"oracle","joint",40.75,30.75,0,1
0,2,10,0.0447213595499958,FALSE,1e-04,"ARL",FALSE,"misspec","joint",Inf,497.324414715719,0,0.996666666666667
0,2,10,0.0447213595499958,FALSE,1e-04,"ARL",FALSE,"bounded","average",105.956666666667,95.9566666666667,0,1
1,2,10,0.0447213595499958,FALSE,1e-04,"ARL",FALSE,"oracle","joint",85.2766666666667,75.2766666666667,0,1
1,2,10,0.0447213595499958,FALSE,1e-04,"ARL",FALSE,"misspec","joint",Inf,542.267558528428,0.00333333333333333,0.996666666666667
1,2,10,0.0447213595499958,FALSE,1e-04,"ARL",FALSE,"bounded","average",106.383333333333,96.3833333333333,0,1
0,10,10,0.0447213595499958,FALSE,1e-04,"ARL",FALSE,"oracle","joint",88.0433333333334,78.0433333333334,0,1
0,10,10,0.0447213595499958,FALSE,1e-04,"ARL",FALSE,"misspec","joint",Inf,1466.53741496599,0,0.49
0,10,10,0.0447213595499958,FALSE,1e-04,"ARL",FALSE,"bounded","average",240.013333333333,230.013333333333,0,1
1,10,10,0.0447213595499958,FALSE,1e-04,"ARL",FALSE,"oracle","joint",190.34,180.34,0,1
1,10,10,0.0447213595499958,FALSE,1e-04,"ARL",FALSE,"misspec","joint",Inf,1248.34939759036,0.0233333333333333,0.553333333333333
1,10,10,0.0447213595499958,FALSE,1e-04,"ARL",FALSE,"bounded","average",188.1,178.1,0,1
0,2,1000,0.0447213595499958,FALSE,1e-04,"ARL",FALSE,"oracle","joint",1015.36666666667,30.8633333333333,0.0366666666666667,1
0,2,1000,0.0447213595499958,FALSE,1e-04,"ARL",FALSE,"misspec","joint",Inf,438.147157190636,0.0166666666666667,0.996666666666667
0,2,1000,0.0447213595499958,FALSE,1e-04,"ARL",FALSE,"bounded","average",1035.18666666667,48.7266666666667,0.04,1
1,2,1000,0.0447213595499958,FALSE,1e-04,"ARL",FALSE,"oracle","joint",1017.03666666667,70.9533333333333,0.1,1
1,2,1000,0.0447213595499958,FALSE,1e-04,"ARL",FALSE,"misspec","joint",Inf,450.33904109589,0.0533333333333333,0.973333333333333
1,2,1000,0.0447213595499958,FALSE,1e-04,"ARL",FALSE,"bounded","average",502.253333333333,45.7,0.97,1
0,10,1000,0.0447213595499958,FALSE,1e-04,"ARL",FALSE,"oracle","joint",1039.06,66.05,0.06,1
0,10,1000,0.0447213595499958,FALSE,1e-04,"ARL",FALSE,"misspec","joint",Inf,964.8,0.02,0.333333333333333
0,10,1000,0.0447213595499958,FALSE,1e-04,"ARL",FALSE,"bounded","average",1107.96666666667,109.18,0.00333333333333333,1
1,10,1000,0.0447213595499958,FALSE,1e-04,"ARL",FALSE,"oracle","joint",1092.19333333333,152.573333333333,0.0933333333333333,1
1,10,1000,0.0447213595499958,FALSE,1e-04,"ARL",FALSE,"misspec","joint",Inf,892.854961832061,0.0433333333333333,0.436666666666667
1,10,1000,0.0447213595499958,FALSE,1e-04,"ARL",FALSE,"bounded","average",452.133333333333,94.08,1,1
0,2,10,0.05281951900505,FALSE,1e-04,"ARL",FALSE,"oracle","joint",34.3466666666667,24.3466666666667,0,1
0,2,10,0.05281951900505,FALSE,1e-04,"ARL",FALSE,"misspec","joint",277.36,267.786666666667,0.00333333333333333,1
0,2,10,0.05281951900505,FALSE,1e-04,"ARL",FALSE,"bounded","average",90.2566666666667,80.2566666666667,0,1
1,2,10,0.05281951900505,FALSE,1e-04,"ARL",FALSE,"oracle","joint",66.83,56.83,0,1
1,2,10,0.05281951900505,FALSE,1e-04,"ARL",FALSE,"misspec","joint",352.43,342.43,0,1
1,2,10,0.05281951900505,FALSE,1e-04,"ARL",FALSE,"bounded","average",92.76,82.76,0,1
0,10,10,0.05281951900505,FALSE,1e-04,"ARL",FALSE,"oracle","joint",68.44,58.44,0,1
0,10,10,0.05281951900505,FALSE,1e-04,"ARL",FALSE,"misspec","joint",Inf,1244.80107526882,0,0.62
0,10,10,0.05281951900505,FALSE,1e-04,"ARL",FALSE,"bounded","average",194.34,184.34,0,1
1,10,10,0.05281951900505,FALSE,1e-04,"ARL",FALSE,"oracle","joint",145.526666666667,135.526666666667,0,1
1,10,10,0.05281951900505,FALSE,1e-04,"ARL",FALSE,"misspec","joint",Inf,1264.43192488263,0.01,0.71
1,10,10,0.05281951900505,FALSE,1e-04,"ARL",FALSE,"bounded","average",169.516666666667,159.516666666667,0,1
0,2,1000,0.05281951900505,FALSE,1e-04,"ARL",FALSE,"oracle","joint",995.976666666667,23.5766666666667,0.0566666666666667,1
0,2,1000,0.05281951900505,FALSE,1e-04,"ARL",FALSE,"misspec","joint",1254.68333333333,276.116666666667,0.03,1
0,2,1000,0.05281951900505,FALSE,1e-04,"ARL",FALSE,"bounded","average",1036.43666666667,40.6066666666667,0.0133333333333333,1
1,2,1000,0.05281951900505,FALSE,1e-04,"ARL",FALSE,"oracle","joint",1006.7,55.0533333333333,0.08,1
1,2,1000,0.05281951900505,FALSE,1e-04,"ARL",FALSE,"misspec","joint",Inf,326.742474916388,0.0333333333333333,0.996666666666667
1,2,1000,0.05281951900505,FALSE,1e-04,"ARL",FALSE,"bounded","average",493.92,40.3233333333333,0.986666666666667,1
0,10,1000,0.05281951900505,FALSE,1e-04,"ARL",FALSE,"oracle","joint",1022.58,55.0433333333333,0.0666666666666667,1
0,10,1000,0.05281951900505,FALSE,1e-04,"ARL",FALSE,"misspec","joint",Inf,926.993150684931,0.02,0.486666666666667
0,10,1000,0.05281951900505,FALSE,1e-04,"ARL",FALSE,"bounded","average",1092.22333333333,92.91,0.00333333333333333,1
1,10,1000,0.05281951900505,FALSE,1e-04,"ARL",FALSE,"oracle","joint",1077.8,125.706666666667,0.0766666666666667,1
1,10,1000,0.05281951900505,FALSE,1e-04,"ARL",FALSE,"misspec","joint",Inf,896.653631284916,0.0633333333333333,0.596666666666667
1,10,1000,0.05281951900505,FALSE,1e-04,"ARL",FALSE,"bounded","average",447.083333333333,79.8666666666667,1,1
0,2,10,0.0623840960113455,FALSE,1e-04,"ARL",FALSE,"oracle","joint",28.1866666666667,18.1866666666667,0,1
0,2,10,0.0623840960113455,FALSE,1e-04,"ARL",FALSE,"misspec","joint",181.07,171.07,0,1
0,2,10,0.0623840960113455,FALSE,1e-04,"ARL",FALSE,"bounded","average",78.57,68.57,0,1
1,2,10,0.0623840960113455,FALSE,1e-04,"ARL",FALSE,"oracle","joint",52.4833333333333,42.4833333333333,0,1
1,2,10,0.0623840960113455,FALSE,1e-04,"ARL",FALSE,"misspec","joint",219.933333333333,209.933333333333,0,1
1,2,10,0.0623840960113455,FALSE,1e-04,"ARL",FALSE,"bounded","average",80.1233333333333,70.1233333333333,0,1
0,10,10,0.0623840960113455,FALSE,1e-04,"ARL",FALSE,"oracle","joint",55.56,45.56,0,1
0,10,10,0.0623840960113455,FALSE,1e-04,"ARL",FALSE,"misspec","joint",Inf,1087.6008583691,0,0.776666666666667
0,10,10,0.0623840960113455,FALSE,1e-04,"ARL",FALSE,"bounded","average",161.906666666667,151.906666666667,0,1
1,10,10,0.0623840960113455,FALSE,1e-04,"ARL",FALSE,"oracle","joint",116.893333333333,106.893333333333,0,1
1,10,10,0.0623840960113455,FALSE,1e-04,"ARL",FALSE,"misspec","joint",Inf,1024.72796934866,0.00666666666666667,0.87
1,10,10,0.0623840960113455,FALSE,1e-04,"ARL",FALSE,"bounded","average",150.97,140.97,0,1
0,2,1000,0.0623840960113455,FALSE,1e-04,"ARL",FALSE,"oracle","joint",983.416666666667,17.9766666666667,0.0666666666666667,1
0,2,1000,0.0623840960113455,FALSE,1e-04,"ARL",FALSE,"misspec","joint",1162.05333333333,172.74,0.02,1
0,2,1000,0.0623840960113455,FALSE,1e-04,"ARL",FALSE,"bounded","average",1028.82,35.3366666666667,0.0233333333333333,1
1,2,1000,0.0623840960113455,FALSE,1e-04,"ARL",FALSE,"oracle","joint",993.87,42.2166666666667,0.0833333333333333,1
1,2,1000,0.0623840960113455,FALSE,1e-04,"ARL",FALSE,"misspec","joint",1160.61,182.563333333333,0.03,1
1,2,1000,0.0623840960113455,FALSE,1e-04,"ARL",FALSE,"bounded","average",522.736666666667,34.3366666666667,0.976666666666667,1
0,10,1000,0.0623840960113455,FALSE,1e-04,"ARL",FALSE,"oracle","joint",983.133333333333,42.26,0.103333333333333,1
0,10,1000,0.0623840960113455,FALSE,1e-04,"ARL",FALSE,"misspec","joint",Inf,821.221621621622,0.01,0.616666666666667
0,10,1000,0.0623840960113455,FALSE,1e-04,"ARL",FALSE,"bounded","average",1074.94333333333,74.9433333333333,0,1
1,10,1000,0.0623840960113455,FALSE,1e-04,"ARL",FALSE,"oracle","joint",1055.41,93.0633333333333,0.07,1
1,10,1000,0.0623840960113455,FALSE,1e-04,"ARL",FALSE,"misspec","joint",Inf,775.647887323944,0.0733333333333333,0.71
1,10,1000,0.0623840960113455,FALSE,1e-04,"ARL",FALSE,"bounded","average",445.676666666667,70.5066666666667,1,1
0,2,10,0.0736806299728077,FALSE,1e-04,"ARL",FALSE,"oracle","joint",23.5433333333333,13.5433333333333,0,1
0,2,10,0.0736806299728077,FALSE,1e-04,"ARL",FALSE,"misspec","joint",107.306666666667,97.3066666666667,0,1
0,2,10,0.0736806299728077,FALSE,1e-04,"ARL",FALSE,"bounded","average",69.28,59.28,0,1
1,2,10,0.0736806299728077,FALSE,1e-04,"ARL",FALSE,"oracle","joint",43.05,33.05,0,1
1,2,10,0.0736806299728077,FALSE,1e-04,"ARL",FALSE,"misspec","joint",131.976666666667,122.916666666667,0.00666666666666667,1
1,2,10,0.0736806299728077,FALSE,1e-04,"ARL",FALSE,"bounded","average",69.99,59.99,0,1
0,10,10,0.0736806299728077,FALSE,1e-04,"ARL",FALSE,"oracle","joint",43.5733333333333,33.5733333333333,0,1
0,10,10,0.0736806299728077,FALSE,1e-04,"ARL",FALSE,"misspec","joint",Inf,1084.65201465201,0,0.91
0,10,10,0.0736806299728077,FALSE,1e-04,"ARL",FALSE,"bounded","average",138.14,128.14,0,1
1,10,10,0.0736806299728077,FALSE,1e-04,"ARL",FALSE,"oracle","joint",89.7766666666667,79.7766666666667,0,1
1,10,10,0.0736806299728077,FALSE,1e-04,"ARL",FALSE,"misspec","joint",Inf,935.548736462094,0.0333333333333333,0.923333333333333
1,10,10,0.0736806299728077,FALSE,1e-04,"ARL",FALSE,"bounded","average",133.49,123.49,0,1
0,2,1000,0.0736806299728077,FALSE,1e-04,"ARL",FALSE,"oracle","joint",981.113333333333,13.72,0.0666666666666667,1
0,2,1000,0.0736806299728077,FALSE,1e-04,"ARL",FALSE,"misspec","joint",1084.57333333333,94.0166666666667,0.02,1
0,2,1000,0.0736806299728077,FALSE,1e-04,"ARL",FALSE,"bounded","average",1020.87666666667,29.5866666666667,0.0333333333333333,1
1,2,1000,0.0736806299728077,FALSE,1e-04,"ARL",FALSE,"oracle","joint",993.91,30.7933333333333,0.0833333333333333,1
1,2,1000,0.0736806299728077,FALSE,1e-04,"ARL",FALSE,"misspec","joint",1103.56333333333,137.313333333333,0.0433333333333333,1
1,2,1000,0.0736806299728077,FALSE,1e-04,"ARL",FALSE,"bounded","average",494.306666666667,29.35,0.986666666666667,1
0,10,1000,0.0736806299728077,FALSE,1e-04,"ARL",FALSE,"oracle","joint",1000.68,32.2633333333333,0.0666666666666667,1
0,10,1000,0.0736806299728077,FALSE,1e-04,"ARL",FALSE,"misspec","joint",Inf,783.947826086957,0.00666666666666667,0.766666666666667
0,10,1000,0.0736806299728077,FALSE,1e-04,"ARL",FALSE,"bounded","average",1060.43666666667,61.0633333333333,0.00333333333333333,1
1,10,1000,0.0736806299728077,FALSE,1e-04,"ARL",FALSE,"oracle","joint",1000.53,72.5633333333333,0.11,1
1,10,1000,0.0736806299728077,FALSE,1e-04,"ARL",FALSE,"misspec","joint",Inf,742.75,0.04,0.773333333333333
1,10,1000,0.0736806299728077,FALSE,1e-04,"ARL",FALSE,"bounded","average",448.706666666667,59.6633333333333,1,1
0,2,10,0.0870227442616544,FALSE,1e-04,"ARL",FALSE,"oracle","joint",20.41,10.41,0,1
0,2,10,0.0870227442616544,FALSE,1e-04,"ARL",FALSE,"misspec","joint",66.29,56.29,0,1
0,2,10,0.0870227442616544,FALSE,1e-04,"ARL",FALSE,"bounded","average",61.2533333333333,51.2533333333333,0,1
1,2,10,0.0870227442616544,FALSE,1e-04,"ARL",FALSE,"oracle","joint",33.3433333333333,23.3433333333333,0,1
1,2,10,0.0870227442616544,FALSE,1e-04,"ARL",FALSE,"misspec","joint",91.1266666666667,81.75,0.01,1
1,2,10,0.0870227442616544,FALSE,1e-04,"ARL",FALSE,"bounded","average",62.59,52.59,0,1
0,10,10,0.0870227442616544,FALSE,1e-04,"ARL",FALSE,"oracle","joint",34.8266666666667,24.8266666666667,0,1
0,10,10,0.0870227442616544,FALSE,1e-04,"ARL",FALSE,"misspec","joint",Inf,713.623728813559,0,0.983333333333333
0,10,10,0.0870227442616544,FALSE,1e-04,"ARL",FALSE,"bounded","average",116.323333333333,106.323333333333,0,1
1,10,10,0.0870227442616544,FALSE,1e-04,"ARL",FALSE,"oracle","joint",71.8366666666667,61.8366666666667,0,1
1,10,10,0.0870227442616544,FALSE,1e-04,"ARL",FALSE,"misspec","joint",Inf,707.636363636364,0.0333333333333333,0.99
1,10,10,0.0870227442616544,FALSE,1e-04,"ARL",FALSE,"bounded","average",116.553333333333,106.553333333333,0,1
0,2,1000,0.0870227442616544,FALSE,1e-04,"ARL",FALSE,"oracle","joint",978.576666666667,10.6033333333333,0.0566666666666667,1
0,2,1000,0.0870227442616544,FALSE,1e-04,"ARL",FALSE,"misspec","joint",1047.31333333333,55.0733333333333,0.01,1
0,2,1000,0.0870227442616544,FALSE,1e-04,"ARL",FALSE,"bounded","average",1016.26666666667,24.67,0.03,1
1,2,1000,0.0870227442616544,FALSE,1e-04,"ARL",FALSE,"oracle","joint",993.47,23.8666666666667,0.0633333333333333,1
1,2,1000,0.0870227442616544,FALSE,1e-04,"ARL",FALSE,"misspec","joint",1063.91666666667,91.4533333333333,0.04,1
1,2,1000,0.0870227442616544,FALSE,1e-04,"ARL",FALSE,"bounded","average",487.563333333333,26.0566666666667,0.98,1
0,10,1000,0.0870227442616544,FALSE,1e-04,"ARL",FALSE,"oracle","joint",996.896666666667,24.11,0.0533333333333333,1
0,10,1000,0.0870227442616544,FALSE,1e-04,"ARL",FALSE,"misspec","joint",Inf,590.186813186813,0.0133333333333333,0.91
0,10,1000,0.0870227442616544,FALSE,1e-04,"ARL",FALSE,"bounded","average",1048.83,48.83,0,1
1,10,1000,0.0870227442616544,FALSE,1e-04,"ARL",FALSE,"oracle","joint",1021.89,55.2733333333333,0.0633333333333333,1
1,10,1000,0.0870227442616544,FALSE,1e-04,"ARL",FALSE,"misspec","joint",Inf,578.498207885305,0.07,0.93
1,10,1000,0.0870227442616544,FALSE,1e-04,"ARL",FALSE,"bounded","average",461.95,52.3366666666667,1,1
0,2,10,0.102780853280219,FALSE,1e-04,"ARL",FALSE,"oracle","joint",18.0766666666667,8.07666666666667,0,1
0,2,10,0.102780853280219,FALSE,1e-04,"ARL",FALSE,"misspec","joint",41.7366666666667,31.7366666666667,0,1
0,2,10,0.102780853280219,FALSE,1e-04,"ARL",FALSE,"bounded","average",54.3733333333333,44.3733333333333,0,1
1,2,10,0.102780853280219,FALSE,1e-04,"ARL",FALSE,"oracle","joint",28.0933333333333,18.0933333333333,0,1
1,2,10,0.102780853280219,FALSE,1e-04,"ARL",FALSE,"misspec","joint",55.93,46.3033333333333,0.01,1
1,2,10,0.102780853280219,FALSE,1e-04,"ARL",FALSE,"bounded","average",54.3266666666667,44.3266666666667,0,1
0,10,10,0.102780853280219,FALSE,1e-04,"ARL",FALSE,"oracle","joint",28.76,18.76,0,1
0,10,10,0.102780853280219,FALSE,1e-04,"ARL",FALSE,"misspec","joint",461.62,451.62,0,1
0,10,10,0.102780853280219,FALSE,1e-04,"ARL",FALSE,"bounded","average",100.306666666667,90.3066666666667,0,1
1,10,10,0.102780853280219,FALSE,1e-04,"ARL",FALSE,"oracle","joint",53.6366666666667,43.6366666666667,0,1
1,10,10,0.102780853280219,FALSE,1e-04,"ARL",FALSE,"misspec","joint",453.766666666667,451.05,0.0166666666666667,1
1,10,10,0.102780853280219,FALSE,1e-04,"ARL",FALSE,"bounded","average",100.103333333333,90.1033333333333,0,1
0,2,1000,0.102780853280219,FALSE,1e-04,"ARL",FALSE,"oracle","joint",985.94,7.90666666666667,0.04,1
0,2,1000,0.102780853280219,FALSE,1e-04,"ARL",FALSE,"misspec","joint",1024.5,29.6066666666667,0.0133333333333333,1
0,2,1000,0.102780853280219,FALSE,1e-04,"ARL",FALSE,"bounded","average",1015.46,21.5466666666667,0.0266666666666667,1
1,2,1000,0.102780853280219,FALSE,1e-04,"ARL",FALSE,"oracle","joint",989.446666666667,17.74,0.06,1
1,2,1000,0.102780853280219,FALSE,1e-04,"ARL",FALSE,"misspec","joint",1031.88,48.3966666666667,0.03,1
1,2,1000,0.102780853280219,FALSE,1e-04,"ARL",FALSE,"bounded","average",473.196666666667,20.8733333333333,0.986666666666667,1
0,10,1000,0.102780853280219,FALSE,1e-04,"ARL",FALSE,"oracle","joint",984.546666666667,18.1133333333333,0.0633333333333333,1
0,10,1000,0.102780853280219,FALSE,1e-04,"ARL",FALSE,"misspec","joint",Inf,444.6,0.02,0.983333333333333
0,10,1000,0.102780853280219,FALSE,1e-04,"ARL",FALSE,"bounded","average",1038.59333333333,39.4233333333333,0.00333333333333333,1
1,10,1000,0.102780853280219,FALSE,1e-04,"ARL",FALSE,"oracle","joint",991.69,43.48,0.106666666666667,1
1,10,1000,0.102780853280219,FALSE,1e-04,"ARL",FALSE,"misspec","joint",Inf,448.225589225589,0.0766666666666667,0.99
1,10,1000,0.102780853280219,FALSE,1e-04,"ARL",FALSE,"bounded","average",446.483333333333,45.93,1,1
0,2,10,0.121392446200583,FALSE,1e-04,"ARL",FALSE,"oracle","joint",15.92,5.92,0,1
0,2,10,0.121392446200583,FALSE,1e-04,"ARL",FALSE,"misspec","joint",26.3166666666667,16.3166666666667,0,1
0,2,10,0.121392446200583,FALSE,1e-04,"ARL",FALSE,"bounded","average",48.54,38.54,0,1
1,2,10,0.121392446200583,FALSE,1e-04,"ARL",FALSE,"oracle","joint",23.4766666666667,13.4766666666667,0,1
1,2,10,0.121392446200583,FALSE,1e-04,"ARL",FALSE,"misspec","joint",42.55,32.7933333333333,0.00666666666666667,1
1,2,10,0.121392446200583,FALSE,1e-04,"ARL",FALSE,"bounded","average",48.9433333333333,38.9433333333333,0,1
0,10,10,0.121392446200583,FALSE,1e-04,"ARL",FALSE,"oracle","joint",23.7633333333333,13.7633333333333,0,1
0,10,10,0.121392446200583,FALSE,1e-04,"ARL",FALSE,"misspec","joint",266.42,256.42,0,1
0,10,10,0.121392446200583,FALSE,1e-04,"ARL",FALSE,"bounded","average",87.5066666666667,77.5066666666667,0,1
1,10,10,0.121392446200583,FALSE,1e-04,"ARL",FALSE,"oracle","joint",43.7266666666667,33.7266666666667,0,1
1,10,10,0.121392446200583,FALSE,1e-04,"ARL",FALSE,"misspec","joint",281.253333333334,278.57,0.0266666666666667,1
1,10,10,0.121392446200583,FALSE,1e-04,"ARL",FALSE,"bounded","average",87.97,77.97,0,1
0,2,1000,0.121392446200583,FALSE,1e-04,"ARL",FALSE,"oracle","joint",986.823333333333,5.91,0.04,1
0,2,1000,0.121392446200583,FALSE,1e-04,"ARL",FALSE,"misspec","joint",1010.91,18.0833333333333,0.0133333333333333,1
0,2,1000,0.121392446200583,FALSE,1e-04,"ARL",FALSE,"bounded","average",999.516666666667,17.9333333333333,0.0466666666666667,1
1,2,1000,0.121392446200583,FALSE,1e-04,"ARL",FALSE,"oracle","joint",974.143333333333,13.5066666666667,0.0733333333333333,1
1,2,1000,0.121392446200583,FALSE,1e-04,"ARL",FALSE,"misspec","joint",1007.66333333333,29.4466666666667,0.0366666666666667,1
1,2,1000,0.121392446200583,FALSE,1e-04,"ARL",FALSE,"bounded","average",487.36,18.3566666666667,0.986666666666667,1
0,10,1000,0.121392446200583,FALSE,1e-04,"ARL",FALSE,"oracle","joint",985.523333333333,13.99,0.0566666666666667,1
0,10,1000,0.121392446200583,FALSE,1e-04,"ARL",FALSE,"misspec","joint",1253.27,258.043333333333,0.00666666666666667,1
0,10,1000,0.121392446200583,FALSE,1e-04,"ARL",FALSE,"bounded","average",1034.10666666667,34.1066666666667,0,1
1,10,1000,0.121392446200583,FALSE,1e-04,"ARL",FALSE,"oracle","joint",1003.35,31.43,0.07,1
1,10,1000,0.121392446200583,FALSE,1e-04,"ARL",FALSE,"misspec","joint",1242.84,313.286666666667,0.0633333333333333,1
1,10,1000,0.121392446200583,FALSE,1e-04,"ARL",FALSE,"bounded","average",439.626666666667,37.5966666666667,1,1
0,2,10,0.143374232887377,FALSE,1e-04,"ARL",FALSE,"oracle","joint",14.6633333333333,4.66333333333333,0,1
0,2,10,0.143374232887377,FALSE,1e-04,"ARL",FALSE,"misspec","joint",20.3533333333333,10.3533333333333,0,1
0,2,10,0.143374232887377,FALSE,1e-04,"ARL",FALSE,"bounded","average",43.48,33.48,0,1
1,2,10,0.143374232887377,FALSE,1e-04,"ARL",FALSE,"oracle","joint",20.16,10.16,0,1
1,2,10,0.143374232887377,FALSE,1e-04,"ARL",FALSE,"misspec","joint",30.3766666666667,20.8166666666667,0.01,1
1,2,10,0.143374232887377,FALSE,1e-04,"ARL",FALSE,"bounded","average",44.0866666666667,34.0866666666667,0,1
0,10,10,0.143374232887377,FALSE,1e-04,"ARL",FALSE,"oracle","joint",20.63,10.63,0,1
0,10,10,0.143374232887377,FALSE,1e-04,"ARL",FALSE,"misspec","joint",144.34,134.34,0,1
0,10,10,0.143374232887377,FALSE,1e-04,"ARL",FALSE,"bounded","average",75.8833333333333,65.8833333333333,0,1
1,10,10,0.143374232887377,FALSE,1e-04,"ARL",FALSE,"oracle","joint",34.2766666666667,24.2766666666667,0,1
1,10,10,0.143374232887377,FALSE,1e-04,"ARL",FALSE,"misspec","joint",158.47,160.493333333333,0.07,1
1,10,10,0.143374232887377,FALSE,1e-04,"ARL",FALSE,"bounded","average",77.3,67.3,0,1
0,2,1000,0.143374232887377,FALSE,1e-04,"ARL",FALSE,"oracle","joint",990.643333333333,4.69666666666667,0.03,1
0,2,1000,0.143374232887377,FALSE,1e-04,"ARL",FALSE,"misspec","joint",1006.64333333333,10.2933333333333,0.00666666666666667,1
0,2,1000,0.143374232887377,FALSE,1e-04,"ARL",FALSE,"bounded","average",999.493333333333,15.7466666666667,0.0466666666666667,1
1,2,1000,0.143374232887377,FALSE,1e-04,"ARL",FALSE,"oracle","joint",986.906666666667,10.4033333333333,0.0366666666666667,1
1,2,1000,0.143374232887377,FALSE,1e-04,"ARL",FALSE,"misspec","joint",996.266666666667,19.4166666666667,0.0266666666666667,1
1,2,1000,0.143374232887377,FALSE,1e-04,"ARL",FALSE,"bounded","average",494.783333333333,15.2866666666667,0.983333333333333,1
0,10,1000,0.143374232887377,FALSE,1e-04,"ARL",FALSE,"oracle","joint",984.593333333333,10.65,0.06,1
0,10,1000,0.143374232887377,FALSE,1e-04,"ARL",FALSE,"misspec","joint",1131.75,135.733333333333,0.00666666666666667,1
0,10,1000,0.143374232887377,FALSE,1e-04,"ARL",FALSE,"bounded","average",1026.66333333333,28.6366666666667,0.01,1
1,10,1000,0.143374232887377,FALSE,1e-04,"ARL",FALSE,"oracle","joint",997.33,25.21,0.0566666666666667,1
1,10,1000,0.143374232887377,FALSE,1e-04,"ARL",FALSE,"misspec","joint",1077.34333333333,166.076666666667,0.09,1
1,10,1000,0.143374232887377,FALSE,1e-04,"ARL",FALSE,"bounded","average",449.513333333333,32.0133333333333,1,1
0,2,10,0.169336489208544,FALSE,1e-04,"ARL",FALSE,"oracle","joint",13.46,3.46,0,1
0,2,10,0.169336489208544,FALSE,1e-04,"ARL",FALSE,"misspec","joint",16.3633333333333,6.36333333333333,0,1
0,2,10,0.169336489208544,FALSE,1e-04,"ARL",FALSE,"bounded","average",39.4433333333333,29.4433333333333,0,1
1,2,10,0.169336489208544,FALSE,1e-04,"ARL",FALSE,"oracle","joint",18.31,8.31,0,1
1,2,10,0.169336489208544,FALSE,1e-04,"ARL",FALSE,"misspec","joint",23.0266666666667,13.39,0.02,1
1,2,10,0.169336489208544,FALSE,1e-04,"ARL",FALSE,"bounded","average",39.77,29.77,0,1
0,10,10,0.169336489208544,FALSE,1e-04,"ARL",FALSE,"oracle","joint",18.28,8.28,0,1
0,10,10,0.169336489208544,FALSE,1e-04,"ARL",FALSE,"misspec","joint",91.5333333333333,81.5333333333333,0,1
0,10,10,0.169336489208544,FALSE,1e-04,"ARL",FALSE,"bounded","average",66.7966666666667,56.7966666666667,0,1
1,10,10,0.169336489208544,FALSE,1e-04,"ARL",FALSE,"oracle","joint",28.8,18.8,0,1
1,10,10,0.169336489208544,FALSE,1e-04,"ARL",FALSE,"misspec","joint",113.243333333333,110.233333333333,0.06,1
1,10,10,0.169336489208544,FALSE,1e-04,"ARL",FALSE,"bounded","average",66.8633333333333,56.8633333333333,0,1
0,2,1000,0.169336489208544,FALSE,1e-04,"ARL",FALSE,"oracle","joint",992.013333333333,3.57666666666667,0.0233333333333333,1
0,2,1000,0.169336489208544,FALSE,1e-04,"ARL",FALSE,"misspec","joint",1001.07,6.69666666666667,0.0133333333333333,1
0,2,1000,0.169336489208544,FALSE,1e-04,"ARL",FALSE,"bounded","average",1006.34,13.36,0.0333333333333333,1
1,2,1000,0.169336489208544,FALSE,1e-04,"ARL",FALSE,"oracle","joint",988.236666666667,7.99333333333333,0.0433333333333333,1
1,2,1000,0.169336489208544,FALSE,1e-04,"ARL",FALSE,"misspec","joint",1004.84,14.0766666666667,0.02,1
1,2,1000,0.169336489208544,FALSE,1e-04,"ARL",FALSE,"bounded","average",503.163333333333,13.4366666666667,0.97,1
0,10,1000,0.169336489208544,FALSE,1e-04,"ARL",FALSE,"oracle","joint",990.03,7.96333333333333,0.0466666666666667,1
0,10,1000,0.169336489208544,FALSE,1e-04,"ARL",FALSE,"misspec","joint",1073.76666666667,76.09,0.00333333333333333,1
0,10,1000,0.169336489208544,FALSE,1e-04,"ARL",FALSE,"bounded","average",1021.99,23.75,0.01,1
1,10,1000,0.169336489208544,FALSE,1e-04,"ARL",FALSE,"oracle","joint",991.57,18.8566666666667,0.0533333333333333,1
1,10,1000,0.169336489208544,FALSE,1e-04,"ARL",FALSE,"misspec","joint",1030.18,110.733333333333,0.08,1
1,10,1000,0.169336489208544,FALSE,1e-04,"ARL",FALSE,"bounded","average",440.186666666667,27.04,1,1
0,2,10,0.2,FALSE,1e-04,"ARL",FALSE,"oracle","joint",12.7433333333333,2.74333333333333,0,1
0,2,10,0.2,FALSE,1e-04,"ARL",FALSE,"misspec","joint",14.37,4.37,0,1
0,2,10,0.2,FALSE,1e-04,"ARL",FALSE,"bounded","average",35.62,25.62,0,1
1,2,10,0.2,FALSE,1e-04,"ARL",FALSE,"oracle","joint",16.3733333333333,6.37333333333333,0,1
1,2,10,0.2,FALSE,1e-04,"ARL",FALSE,"misspec","joint",19.4133333333333,9.85,0.0233333333333333,1
1,2,10,0.2,FALSE,1e-04,"ARL",FALSE,"bounded","average",36.4233333333333,26.4233333333333,0,1
0,10,10,0.2,FALSE,1e-04,"ARL",FALSE,"oracle","joint",16.4133333333333,6.41333333333333,0,1
0,10,10,0.2,FALSE,1e-04,"ARL",FALSE,"misspec","joint",51.8133333333333,41.8133333333333,0,1
0,10,10,0.2,FALSE,1e-04,"ARL",FALSE,"bounded","average",59.2266666666667,49.2266666666667,0,1
1,10,10,0.2,FALSE,1e-04,"ARL",FALSE,"oracle","joint",24.54,14.54,0,1
1,10,10,0.2,FALSE,1e-04,"ARL",FALSE,"misspec","joint",67.9566666666667,62.0766666666667,0.06,1
1,10,10,0.2,FALSE,1e-04,"ARL",FALSE,"bounded","average",59.8366666666667,49.8366666666667,0,1
0,2,1000,0.2,FALSE,1e-04,"ARL",FALSE,"oracle","joint",989.063333333333,2.78,0.03,1
0,2,1000,0.2,FALSE,1e-04,"ARL",FALSE,"misspec","joint",999.473333333333,4.30666666666667,0.00666666666666667,1
0,2,1000,0.2,FALSE,1e-04,"ARL",FALSE,"bounded","average",999.903333333333,11.91,0.04,1
1,2,1000,0.2,FALSE,1e-04,"ARL",FALSE,"oracle","joint",995.483333333333,6.04,0.02,1
1,2,1000,0.2,FALSE,1e-04,"ARL",FALSE,"misspec","joint",974.346666666667,9.09666666666667,0.0366666666666667,1
1,2,1000,0.2,FALSE,1e-04,"ARL",FALSE,"bounded","average",498.12,11.3666666666667,0.993333333333333,1
0,10,1000,0.2,FALSE,1e-04,"ARL",FALSE,"oracle","joint",981.903333333333,6.2,0.0366666666666667,1
0,10,1000,0.2,FALSE,1e-04,"ARL",FALSE,"misspec","joint",1026.40333333333,37.3233333333333,0.0133333333333333,1
0,10,1000,0.2,FALSE,1e-04,"ARL",FALSE,"bounded","average",1020.84666666667,20.8466666666667,0,1
1,10,1000,0.2,FALSE,1e-04,"ARL",FALSE,"oracle","joint",989.086666666667,14.73,0.05,1
1,10,1000,0.2,FALSE,1e-04,"ARL",FALSE,"misspec","joint",1007.10333333333,58.02,0.06,1
1,10,1000,0.2,FALSE,1e-04,"ARL",FALSE,"bounded","average",451.456666666667,22.99,1,1
0,2,10,0,TRUE,1e-04,"ARL",FALSE,"oracle","joint",Inf,NA,0,0
0,2,10,0,TRUE,1e-04,"ARL",FALSE,"misspec","joint",Inf,1361.55172413793,0,0.0966666666666667
0,2,10,0,TRUE,1e-04,"ARL",FALSE,"bounded","average",Inf,1828.73076923077,0,0.173333333333333
1,2,10,0,TRUE,1e-04,"ARL",FALSE,"oracle","joint",Inf,NA,0,0
1,2,10,0,TRUE,1e-04,"ARL",FALSE,"misspec","joint",Inf,1476.04761904762,0,0.14
1,2,10,0,TRUE,1e-04,"ARL",FALSE,"bounded","average",483.383333333333,473.383333333333,0,1
0,10,10,0,TRUE,1e-04,"ARL",FALSE,"oracle","joint",Inf,NA,0,0
0,10,10,0,TRUE,1e-04,"ARL",FALSE,"misspec","joint",Inf,1424.05555555556,0,0.06
0,10,10,0,TRUE,1e-04,"ARL",FALSE,"bounded","average",Inf,2214.83018867925,0,0.176666666666667
1,10,10,0,TRUE,1e-04,"ARL",FALSE,"oracle","joint",Inf,NA,0,0
1,10,10,0,TRUE,1e-04,"ARL",FALSE,"misspec","joint",Inf,1465.21212121212,0.0166666666666667,0.11
1,10,10,0,TRUE,1e-04,"ARL",FALSE,"bounded","average",451.933333333333,441.933333333333,0,1
0,2,1000,0,TRUE,1e-04,"ARL",FALSE,"oracle","joint",Inf,NA,0,0
0,2,1000,0,TRUE,1e-04,"ARL",FALSE,"misspec","joint",Inf,1053.2,0.0466666666666667,0.05
0,2,1000,0,TRUE,1e-04,"ARL",FALSE,"bounded","average",Inf,1071.38181818182,0.0333333333333333,0.183333333333333
1,2,1000,0,TRUE,1e-04,"ARL",FALSE,"oracle","joint",Inf,NA,0,0
1,2,1000,0,TRUE,1e-04,"ARL",FALSE,"misspec","joint",Inf,1030.65,0.0633333333333333,0.0666666666666667
1,2,1000,0,TRUE,1e-04,"ARL",FALSE,"bounded","average",513.18,287.81,0.983333333333333,1
0,10,1000,0,TRUE,1e-04,"ARL",FALSE,"oracle","joint",Inf,NA,0,0
0,10,1000,0,TRUE,1e-04,"ARL",FALSE,"misspec","joint",Inf,754,0.0333333333333333,0.0533333333333333
0,10,1000,0,TRUE,1e-04,"ARL",FALSE,"bounded","average",Inf,1123.28,0.00666666666666667,0.166666666666667
1,10,1000,0,TRUE,1e-04,"ARL",FALSE,"oracle","joint",Inf,NA,0,0
1,10,1000,0,TRUE,1e-04,"ARL",FALSE,"misspec","joint",Inf,888.05,0.0433333333333333,0.0666666666666667
1,10,1000,0,TRUE,1e-04,"ARL",FALSE,"bounded","average",446.88,265.536666666667,1,1
0,2,10,0.01,TRUE,1e-04,"ARL",FALSE,"oracle","joint",310.516666666667,300.516666666667,0,1
0,2,10,0.01,TRUE,1e-04,"ARL",FALSE,"misspec","joint",Inf,1452.35593220339,0,0.196666666666667
0,2,10,0.01,TRUE,1e-04,"ARL",FALSE,"bounded","average",742.146666666667,732.146666666667,0,1
1,2,10,0.01,TRUE,1e-04,"ARL",FALSE,"oracle","joint",677.086666666667,667.086666666667,0,1
1,2,10,0.01,TRUE,1e-04,"ARL",FALSE,"misspec","joint",Inf,1466.16438356164,0,0.243333333333333
1,2,10,0.01,TRUE,1e-04,"ARL",FALSE,"bounded","average",323.723333333333,313.723333333333,0,1
0,10,10,0.01,TRUE,1e-04,"ARL",FALSE,"oracle","joint",270.31,260.31,0,1
0,10,10,0.01,TRUE,1e-04,"ARL",FALSE,"misspec","joint",Inf,1537.5,0,0.0866666666666667
0,10,10,0.01,TRUE,1e-04,"ARL",FALSE,"bounded","average",Inf,1818.92788461538,0,0.693333333333333
1,10,10,0.01,TRUE,1e-04,"ARL",FALSE,"oracle","joint",569.24,559.24,0,1
1,10,10,0.01,TRUE,1e-04,"ARL",FALSE,"misspec","joint",Inf,1429.1568627451,0.00666666666666667,0.17
1,10,10,0.01,TRUE,1e-04,"ARL",FALSE,"bounded","average",412.06,402.06,0,1
0,2,1000,0.01,TRUE,1e-04,"ARL",FALSE,"oracle","joint",1203.11666666667,254.19,0.0666666666666667,1
0,2,1000,0.01,TRUE,1e-04,"ARL",FALSE,"misspec","joint",Inf,1090.44736842105,0.03,0.126666666666667
0,2,1000,0.01,TRUE,1e-04,"ARL",FALSE,"bounded","average",1474.37666666667,516.11,0.0433333333333333,1
1,2,1000,0.01,TRUE,1e-04,"ARL",FALSE,"oracle","joint",Inf,528.409395973154,0.0566666666666667,0.993333333333333
1,2,1000,0.01,TRUE,1e-04,"ARL",FALSE,"misspec","joint",Inf,1028.03571428571,0.0433333333333333,0.186666666666667
1,2,1000,0.01,TRUE,1e-04,"ARL",FALSE,"bounded","average",513.723333333333,169.803333333333,0.966666666666667,1
0,10,1000,0.01,TRUE,1e-04,"ARL",FALSE,"oracle","joint",1177.97333333333,221.45,0.0666666666666667,1
0,10,1000,0.01,TRUE,1e-04,"ARL",FALSE,"misspec","joint",Inf,1085.75,0.0133333333333333,0.0666666666666667
0,10,1000,0.01,TRUE,1e-04,"ARL",FALSE,"bounded","average",Inf,1119.65151515152,0,0.66
1,10,1000,0.01,TRUE,1e-04,"ARL",FALSE,"oracle","joint",1422.35666666667,453.756666666667,0.0433333333333333,1
1,10,1000,0.01,TRUE,1e-04,"ARL",FALSE,"misspec","joint",Inf,1071.17391304348,0.0533333333333333,0.0766666666666667
1,10,1000,0.01,TRUE,1e-04,"ARL",FALSE,"bounded","average",445.786666666667,209.173333333333,1,1
0,2,10,0.0118108035034134,TRUE,1e-04,"ARL",FALSE,"oracle","joint",230.93,220.93,0,1
0,2,10,0.0118108035034134,TRUE,1e-04,"ARL",FALSE,"misspec","joint",Inf,1492.03571428571,0,0.28
0,2,10,0.0118108035034134,TRUE,1e-04,"ARL",FALSE,"bounded","average",583.58,573.58,0,1
1,2,10,0.0118108035034134,TRUE,1e-04,"ARL",FALSE,"oracle","joint",490.45,480.45,0,1
1,2,10,0.0118108035034134,TRUE,1e-04,"ARL",FALSE,"misspec","joint",Inf,1304.53465346535,0,0.336666666666667
1,2,10,0.0118108035034134,TRUE,1e-04,"ARL",FALSE,"bounded","average",298.42,288.42,0,1
0,10,10,0.0118108035034134,TRUE,1e-04,"ARL",FALSE,"oracle","joint",208.246666666667,198.246666666667,0,1
0,10,10,0.0118108035034134,TRUE,1e-04,"ARL",FALSE,"misspec","joint",Inf,1563.5,0,0.1
0,10,10,0.0118108035034134,TRUE,1e-04,"ARL",FALSE,"bounded","average",Inf,1657.98455598456,0,0.863333333333333
1,10,10,0.0118108035034134,TRUE,1e-04,"ARL",FALSE,"oracle","joint",436.78,426.78,0,1
1,10,10,0.0118108035034134,TRUE,1e-04,"ARL",FALSE,"misspec","joint",Inf,1497.5,0.00333333333333333,0.153333333333333
1,10,10,0.0118108035034134,TRUE,1e-04,"ARL",FALSE,"bounded","average",406.943333333333,396.943333333333,0,1
0,2,1000,0.0118108035034134,TRUE,1e-04,"ARL",FALSE,"oracle","joint",1156.71333333333,192.443333333333,0.0566666666666667,1
0,2,1000,0.0118108035034134,TRUE,1e-04,"ARL",FALSE,"misspec","joint",Inf,978.533333333333,0.04,0.15
0,2,1000,0.0118108035034134,TRUE,1e-04,"ARL",FALSE,"bounded","average",1358.72,372.526666666667,0.02,1
1,2,1000,0.0118108035034134,TRUE,1e-04,"ARL",FALSE,"oracle","joint",Inf,375.488294314381,0.0633333333333333,0.996666666666667
1,2,1000,0.0118108035034134,TRUE,1e-04,"ARL",FALSE,"misspec","joint",Inf,1023.72857142857,0.06,0.233333333333333
1,2,1000,0.0118108035034134,TRUE,1e-04,"ARL",FALSE,"bounded","average",504.44,152.293333333333,0.96,1
0,10,1000,0.0118108035034134,TRUE,1e-04,"ARL",FALSE,"oracle","joint",1127.33333333333,165.853333333333,0.0733333333333333,1
0,10,1000,0.0118108035034134,TRUE,1e-04,"ARL",FALSE,"misspec","joint",Inf,895.428571428571,0.03,0.0466666666666667
0,10,1000,0.0118108035034134,TRUE,1e-04,"ARL",FALSE,"bounded","average",Inf,1055.02314814815,0.0166666666666667,0.72
1,10,1000,0.0118108035034134,TRUE,1e-04,"ARL",FALSE,"oracle","joint",1282.79333333333,337.253333333333,0.08,1
1,10,1000,0.0118108035034134,TRUE,1e-04,"ARL",FALSE,"misspec","joint",Inf,906.666666666667,0.0366666666666667,0.1
1,10,1000,0.0118108035034134,TRUE,1e-04,"ARL",FALSE,"bounded","average",443.893333333333,212.03,1,1
0,2,10,0.0139495079396242,TRUE,1e-04,"ARL",FALSE,"oracle","joint",170.69,160.69,0,1
0,2,10,0.0139495079396242,TRUE,1e-04,"ARL",FALSE,"misspec","joint",Inf,1385.275,0,0.266666666666667
0,2,10,0.0139495079396242,TRUE,1e-04,"ARL",FALSE,"bounded","average",473.156666666667,463.156666666667,0,1
1,2,10,0.0139495079396242,TRUE,1e-04,"ARL",FALSE,"oracle","joint",403.92,393.92,0,1
1,2,10,0.0139495079396242,TRUE,1e-04,"ARL",FALSE,"misspec","joint",Inf,1237.43362831858,0.00333333333333333,0.376666666666667
1,2,10,0.0139495079396242,TRUE,1e-04,"ARL",FALSE,"bounded","average",278.23,268.23,0,1
0,10,10,0.0139495079396242,TRUE,1e-04,"ARL",FALSE,"oracle","joint",161.563333333333,151.563333333333,0,1
0,10,10,0.0139495079396242,TRUE,1e-04,"ARL",FALSE,"misspec","joint",Inf,1161.32352941176,0,0.113333333333333
0,10,10,0.0139495079396242,TRUE,1e-04,"ARL",FALSE,"bounded","average",Inf,1587.09122807018,0,0.95
1,10,10,0.0139495079396242,TRUE,1e-04,"ARL",FALSE,"oracle","joint",357.336666666667,347.336666666667,0,1
1,10,10,0.0139495079396242,TRUE,1e-04,"ARL",FALSE,"misspec","joint",Inf,1412.59259259259,0.0133333333333333,0.18
1,10,10,0.0139495079396242,TRUE,1e-04,"ARL",FALSE,"bounded","average",398.393333333333,388.393333333333,0,1
0,2,1000,0.0139495079396242,TRUE,1e-04,"ARL",FALSE,"oracle","joint",1109.69333333333,146.466666666667,0.07,1
0,2,1000,0.0139495079396242,TRUE,1e-04,"ARL",FALSE,"misspec","joint",Inf,947.322033898305,0.0333333333333333,0.196666666666667
0,2,1000,0.0139495079396242,TRUE,1e-04,"ARL",FALSE,"bounded","average",1293.35333333333,307.733333333333,0.0233333333333333,1
1,2,1000,0.0139495079396242,TRUE,1e-04,"ARL",FALSE,"oracle","joint",1279.08666666667,318.95,0.0633333333333333,1
1,2,1000,0.0139495079396242,TRUE,1e-04,"ARL",FALSE,"misspec","joint",Inf,1042.30337078652,0.03,0.296666666666667
1,2,1000,0.0139495079396242,TRUE,1e-04,"ARL",FALSE,"bounded","average",484.83,145.9,0.976666666666667,1
0,10,1000,0.0139495079396242,TRUE,1e-04,"ARL",FALSE,"oracle","joint",1074.05,123.476666666667,0.0666666666666667,1
0,10,1000,0.0139495079396242,TRUE,1e-04,"ARL",FALSE,"misspec","joint",Inf,1167,0.0266666666666667,0.06
0,10,1000,0.0139495079396242,TRUE,1e-04,"ARL",FALSE,"bounded","average",Inf,938.650557620818,0.0133333333333333,0.896666666666667
1,10,1000,0.0139495079396242,TRUE,1e-04,"ARL",FALSE,"oracle","joint",1256.19,283.843333333333,0.0433333333333333,1
1,10,1000,0.0139495079396242,TRUE,1e-04,"ARL",FALSE,"misspec","joint",Inf,887.5,0.03,0.106666666666667
1,10,1000,0.0139495079396242,TRUE,1e-04,"ARL",FALSE,"bounded","average",453.023333333333,201.096666666667,1,1
0,2,10,0.0164754897244207,TRUE,1e-04,"ARL",FALSE,"oracle","joint",132.806666666667,122.806666666667,0,1
0,2,10,0.0164754897244207,TRUE,1e-04,"ARL",FALSE,"misspec","joint",Inf,1357.0612244898,0,0.326666666666667
0,2,10,0.0164754897244207,TRUE,1e-04,"ARL",FALSE,"bounded","average",379.53,369.53,0,1
1,2,10,0.0164754897244207,TRUE,1e-04,"ARL",FALSE,"oracle","joint",293.01,283.01,0,1
1,2,10,0.0164754897244207,TRUE,1e-04,"ARL",FALSE,"misspec","joint",Inf,1363.50381679389,0.00333333333333333,0.436666666666667
1,2,10,0.0164754897244207,TRUE,1e-04,"ARL",FALSE,"bounded","average",248.076666666667,238.076666666667,0,1
0,10,10,0.0164754897244207,TRUE,1e-04,"ARL",FALSE,"oracle","joint",123.73,113.73,0,1
0,10,10,0.0164754897244207,TRUE,1e-04,"ARL",FALSE,"misspec","joint",Inf,1733.32352941176,0,0.113333333333333
0,10,10,0.0164754897244207,TRUE,1e-04,"ARL",FALSE,"bounded","average",Inf,1270.0033557047,0,0.993333333333333
1,10,10,0.0164754897244207,TRUE,1e-04,"ARL",FALSE,"oracle","joint",281.906666666667,271.906666666667,0,1
1,10,10,0.0164754897244207,TRUE,1e-04,"ARL",FALSE,"misspec","joint",Inf,1560.6,0.0133333333333333,0.166666666666667
1,10,10,0.0164754897244207,TRUE,1e-04,"ARL",FALSE,"bounded","average",374.626666666667,364.626666666667,0,1
0,2,1000,0.0164754897244207,TRUE,1e-04,"ARL",FALSE,"oracle","joint",1078.38333333333,123.343333333333,0.0766666666666667,1
0,2,1000,0.0164754897244207,TRUE,1e-04,"ARL",FALSE,"misspec","joint",Inf,859.357142857143,0.0266666666666667,0.233333333333333
0,2,1000,0.0164754897244207,TRUE,1e-04,"ARL",FALSE,"bounded","average",1208.19333333333,224.33,0.03,1
1,2,1000,0.0164754897244207,TRUE,1e-04,"ARL",FALSE,"oracle","joint",1207.81333333333,252.953333333333,0.0833333333333333,1
1,2,1000,0.0164754897244207,TRUE,1e-04,"ARL",FALSE,"misspec","joint",Inf,924.908045977011,0.0733333333333333,0.29
1,2,1000,0.0164754897244207,TRUE,1e-04,"ARL",FALSE,"bounded","average",487.78,134.246666666667,0.98,1
0,10,1000,0.0164754897244207,TRUE,1e-04,"ARL",FALSE,"oracle","joint",1050.25,95.7,0.0833333333333333,1
0,10,1000,0.0164754897244207,TRUE,1e-04,"ARL",FALSE,"misspec","joint",Inf,1081.65217391304,0.0133333333333333,0.0766666666666667
0,10,1000,0.0164754897244207,TRUE,1e-04,"ARL",FALSE,"bounded","average",Inf,887.559726962457,0,0.976666666666667
1,10,1000,0.0164754897244207,TRUE,1e-04,"ARL",FALSE,"oracle","joint",1167.65,228.116666666667,0.0966666666666667,1
1,10,1000,0.0164754897244207,TRUE,1e-04,"ARL",FALSE,"misspec","joint",Inf,887.5,0.0466666666666667,0.1
1,10,1000,0.0164754897244207,TRUE,1e-04,"ARL",FALSE,"bounded","average",444.253333333333,205.573333333333,1,1
0,2,10,0.0194588771757639,TRUE,1e-04,"ARL",FALSE,"oracle","joint",107.286666666667,97.2866666666667,0,1
0,2,10,0.0194588771757639,TRUE,1e-04,"ARL",FALSE,"misspec","joint",Inf,1529.93965517241,0,0.386666666666667
0,2,10,0.0194588771757639,TRUE,1e-04,"ARL",FALSE,"bounded","average",313.63,303.63,0,1
1,2,10,0.0194588771757639,TRUE,1e-04,"ARL",FALSE,"oracle","joint",237.123333333333,227.123333333333,0,1
1,2,10,0.0194588771757639,TRUE,1e-04,"ARL",FALSE,"misspec","joint",Inf,1283.11464968153,0,0.523333333333333
1,2,10,0.0194588771757639,TRUE,1e-04,"ARL",FALSE,"bounded","average",224.993333333333,214.993333333333,0,1
0,10,10,0.0194588771757639,TRUE,1e-04,"ARL",FALSE,"oracle","joint",92.4866666666667,82.4866666666667,0,1
0,10,10,0.0194588771757639,TRUE,1e-04,"ARL",FALSE,"misspec","joint",Inf,1533,0,0.103333333333333
0,10,10,0.0194588771757639,TRUE,1e-04,"ARL",FALSE,"bounded","average",1053.42666666667,1043.42666666667,0,1
1,10,10,0.0194588771757639,TRUE,1e-04,"ARL",FALSE,"oracle","joint",199.363333333333,189.363333333333,0,1
1,10,10,0.0194588771757639,TRUE,1e-04,"ARL",FALSE,"misspec","joint",Inf,1310.83823529412,0,0.226666666666667
1,10,10,0.0194588771757639,TRUE,1e-04,"ARL",FALSE,"bounded","average",364.483333333333,354.483333333333,0,1
0,2,1000,0.0194588771757639,TRUE,1e-04,"ARL",FALSE,"oracle","joint",1049.28333333333,90.8133333333333,0.0733333333333333,1
0,2,1000,0.0194588771757639,TRUE,1e-04,"ARL",FALSE,"misspec","joint",Inf,841.511363636364,0.02,0.293333333333333
0,2,1000,0.0194588771757639,TRUE,1e-04,"ARL",FALSE,"bounded","average",1174.1,181.936666666667,0.02,1
1,2,1000,0.0194588771757639,TRUE,1e-04,"ARL",FALSE,"oracle","joint",1155.20666666667,195.383333333333,0.0633333333333333,1
1,2,1000,0.0194588771757639,TRUE,1e-04,"ARL",FALSE,"misspec","joint",Inf,954.508620689655,0.0466666666666667,0.386666666666667
1,2,1000,0.0194588771757639,TRUE,1e-04,"ARL",FALSE,"bounded","average",501.546666666667,115.003333333333,0.97,1
0,10,1000,0.0194588771757639,TRUE,1e-04,"ARL",FALSE,"oracle","joint",1040.04333333333,78.0866666666667,0.0766666666666667,1
0,10,1000,0.0194588771757639,TRUE,1e-04,"ARL",FALSE,"misspec","joint",Inf,1006.03703703704,0.0333333333333333,0.09
0,10,1000,0.0194588771757639,TRUE,1e-04,"ARL",FALSE,"bounded","average",Inf,748.080267558528,0.00666666666666667,0.996666666666667
1,10,1000,0.0194588771757639,TRUE,1e-04,"ARL",FALSE,"oracle","joint",1126.58,151.926666666667,0.0466666666666667,1
1,10,1000,0.0194588771757639,TRUE,1e-04,"ARL",FALSE,"misspec","joint",Inf,1010.5,0.0533333333333333,0.1
1,10,1000,0.0194588771757639,TRUE,1e-04,"ARL",FALSE,"bounded","average",462.373333333333,181.876666666667,1,1
0,2,10,0.0229824974720003,TRUE,1e-04,"ARL",FALSE,"oracle","joint",84.4433333333333,74.4433333333333,0,1
0,2,10,0.0229824974720003,TRUE,1e-04,"ARL",FALSE,"misspec","joint",Inf,1315.08074534162,0,0.536666666666667
0,2,10,0.0229824974720003,TRUE,1e-04,"ARL",FALSE,"bounded","average",255.29,245.29,0,1
1,2,10,0.0229824974720003,TRUE,1e-04,"ARL",FALSE,"oracle","joint",180.08,170.08,0,1
1,2,10,0.0229824974720003,TRUE,1e-04,"ARL",FALSE,"misspec","joint",Inf,1215.09356725146,0,0.57
1,2,10,0.0229824974720003,TRUE,1e-04,"ARL",FALSE,"bounded","average",201.596666666667,191.596666666667,0,1
0,10,10,0.0229824974720003,TRUE,1e-04,"ARL",FALSE,"oracle","joint",70.8033333333333,60.8033333333333,0,1
0,10,10,0.0229824974720003,TRUE,1e-04,"ARL",FALSE,"misspec","joint",Inf,1488.42857142857,0,0.186666666666667
0,10,10,0.0229824974720003,TRUE,1e-04,"ARL",FALSE,"bounded","average",902.793333333333,892.793333333333,0,1
1,10,10,0.0229824974720003,TRUE,1e-04,"ARL",FALSE,"oracle","joint",154.416666666667,144.416666666667,0,1
1,10,10,0.0229824974720003,TRUE,1e-04,"ARL",FALSE,"misspec","joint",Inf,1363.88235294118,0.0133333333333333,0.226666666666667
1,10,10,0.0229824974720003,TRUE,1e-04,"ARL",FALSE,"bounded","average",353.003333333333,343.003333333333,0,1
0,2,1000,0.0229824974720003,TRUE,1e-04,"ARL",FALSE,"oracle","joint",1034.69333333333,66,0.0533333333333333,1
0,2,1000,0.0229824974720003,TRUE,1e-04,"ARL",FALSE,"misspec","joint",Inf,910.377192982456,0.0266666666666667,0.38
0,2,1000,0.0229824974720003,TRUE,1e-04,"ARL",FALSE,"bounded","average",1125.66,134.106666666667,0.02,1
1,2,1000,0.0229824974720003,TRUE,1e-04,"ARL",FALSE,"oracle","joint",1108.28,151.88,0.0733333333333333,1
1,2,1000,0.0229824974720003,TRUE,1e-04,"ARL",FALSE,"misspec","joint",Inf,940.410852713178,0.02,0.43
1,2,1000,0.0229824974720003,TRUE,1e-04,"ARL",FALSE,"bounded","average",480.39,105.036666666667,0.983333333333333,1
0,10,1000,0.0229824974720003,TRUE,1e-04,"ARL",FALSE,"oracle","joint",1030.33,59.8233333333333,0.0533333333333333,1
0,10,1000,0.0229824974720003,TRUE,1e-04,"ARL",FALSE,"misspec","joint",Inf,1044.58333333333,0.0166666666666667,0.08
0,10,1000,0.0229824974720003,TRUE,1e-04,"ARL",FALSE,"bounded","average",1569.52666666667,575.813333333333,0.00666666666666667,1
1,10,1000,0.0229824974720003,TRUE,1e-04,"ARL",FALSE,"oracle","joint",1099.05,128.286666666667,0.0533333333333333,1
1,10,1000,0.0229824974720003,TRUE,1e-04,"ARL",FALSE,"misspec","joint",Inf,996.707317073171,0.0366666666666667,0.136666666666667
1,10,1000,0.0229824974720003,TRUE,1e-04,"ARL",FALSE,"bounded","average",441.246666666667,188.616666666667,1,1
0,2,10,0.0271441761659491,TRUE,1e-04,"ARL",FALSE,"oracle","joint",65.1533333333333,55.1533333333333,0,1
0,2,10,0.0271441761659491,TRUE,1e-04,"ARL",FALSE,"misspec","joint",Inf,1234.49275362319,0,0.69
0,2,10,0.0271441761659491,TRUE,1e-04,"ARL",FALSE,"bounded","average",208.813333333333,198.813333333333,0,1
1,2,10,0.0271441761659491,TRUE,1e-04,"ARL",FALSE,"oracle","joint",139.73,129.73,0,1
1,2,10,0.0271441761659491,TRUE,1e-04,"ARL",FALSE,"misspec","joint",Inf,1038.08530805687,0.00333333333333333,0.703333333333333
1,2,10,0.0271441761659491,TRUE,1e-04,"ARL",FALSE,"bounded","average",180.17,170.17,0,1
0,10,10,0.0271441761659491,TRUE,1e-04,"ARL",FALSE,"oracle","joint",56.79,46.79,0,1
0,10,10,0.0271441761659491,TRUE,1e-04,"ARL",FALSE,"misspec","joint",Inf,1449.98275862069,0,0.193333333333333
0,10,10,0.0271441761659491,TRUE,1e-04,"ARL",FALSE,"bounded","average",750.593333333333,740.593333333333,0,1
1,10,10,0.0271441761659491,TRUE,1e-04,"ARL",FALSE,"oracle","joint",128.62,118.62,0,1
1,10,10,0.0271441761659491,TRUE,1e-04,"ARL",FALSE,"misspec","joint",Inf,1319.5487804878,0.00666666666666667,0.273333333333333
1,10,10,0.0271441761659491,TRUE,1e-04,"ARL",FALSE,"bounded","average",330.906666666667,320.906666666667,0,1
0,2,1000,0.0271441761659491,TRUE,1e-04,"ARL",FALSE,"oracle","joint",1015.80333333333,49.92,0.06,1
0,2,1000,0.0271441761659491,TRUE,1e-04,"ARL",FALSE,"misspec","joint",Inf,894.110429447853,0.0133333333333333,0.543333333333333
0,2,1000,0.0271441761659491,TRUE,1e-04,"ARL",FALSE,"bounded","average",1094.53,112.056666666667,0.05,1
1,2,1000,0.0271441761659491,TRUE,1e-04,"ARL",FALSE,"oracle","joint",1078.15,114.14,0.0766666666666667,1
1,2,1000,0.0271441761659491,TRUE,1e-04,"ARL",FALSE,"misspec","joint",Inf,826.172972972973,0.0266666666666667,0.616666666666667
1,2,1000,0.0271441761659491,TRUE,1e-04,"ARL",FALSE,"bounded","average",472.916666666667,90.8633333333333,0.98,1
0,10,1000,0.0271441761659491,TRUE,1e-04,"ARL",FALSE,"oracle","joint",1014.81666666667,44.2666666666667,0.0533333333333333,1
0,10,1000,0.0271441761659491,TRUE,1e-04,"ARL",FALSE,"misspec","joint",Inf,981.224489795918,0.0233333333333333,0.163333333333333
0,10,1000,0.0271441761659491,TRUE,1e-04,"ARL",FALSE,"bounded","average",1450.81,466.4,0.02,1
1,10,1000,0.0271441761659491,TRUE,1e-04,"ARL",FALSE,"oracle","joint",1047.21666666667,99.45,0.0966666666666667,1
1,10,1000,0.0271441761659491,TRUE,1e-04,"ARL",FALSE,"misspec","joint",Inf,907.620689655172,0.04,0.193333333333333
1,10,1000,0.0271441761659491,TRUE,1e-04,"ARL",FALSE,"bounded","average",440.193333333333,168.053333333333,1,1
0,2,10,0.0320594530958062,TRUE,1e-04,"ARL",FALSE,"oracle","joint",50.8633333333333,40.8633333333333,0,1
0,2,10,0.0320594530958062,TRUE,1e-04,"ARL",FALSE,"misspec","joint",Inf,971.497975708502,0,0.823333333333333
0,2,10,0.0320594530958062,TRUE,1e-04,"ARL",FALSE,"bounded","average",175.333333333333,165.333333333333,0,1
1,2,10,0.0320594530958062,TRUE,1e-04,"ARL",FALSE,"oracle","joint",108.076666666667,98.0766666666667,0,1
1,2,10,0.0320594530958062,TRUE,1e-04,"ARL",FALSE,"misspec","joint",Inf,1065.12840466926,0.00666666666666667,0.856666666666667
1,2,10,0.0320594530958062,TRUE,1e-04,"ARL",FALSE,"bounded","average",160.536666666667,150.536666666667,0,1
0,10,10,0.0320594530958062,TRUE,1e-04,"ARL",FALSE,"oracle","joint",44.4933333333333,34.4933333333333,0,1
0,10,10,0.0320594530958062,TRUE,1e-04,"ARL",FALSE,"misspec","joint",Inf,1318.0985915493,0,0.236666666666667
0,10,10,0.0320594530958062,TRUE,1e-04,"ARL",FALSE,"bounded","average",647.656666666667,637.656666666667,0,1
1,10,10,0.0320594530958062,TRUE,1e-04,"ARL",FALSE,"oracle","joint",92.56,82.56,0,1
1,10,10,0.0320594530958062,TRUE,1e-04,"ARL",FALSE,"misspec","joint",Inf,1491.91489361702,0.01,0.313333333333333
1,10,10,0.0320594530958062,TRUE,1e-04,"ARL",FALSE,"bounded","average",308.84,298.84,0,1
0,2,1000,0.0320594530958062,TRUE,1e-04,"ARL",FALSE,"oracle","joint",1016.55666666667,39.86,0.05,1
0,2,1000,0.0320594530958062,TRUE,1e-04,"ARL",FALSE,"misspec","joint",Inf,834.348039215686,0.03,0.68
0,2,1000,0.0320594530958062,TRUE,1e-04,"ARL",FALSE,"bounded","average",1077.17333333333,90.6433333333333,0.0366666666666667,1
1,2,1000,0.0320594530958062,TRUE,1e-04,"ARL",FALSE,"oracle","joint",1051.33,89.1333333333333,0.0633333333333333,1
1,2,1000,0.0320594530958062,TRUE,1e-04,"ARL",FALSE,"misspec","joint",Inf,735.52534562212,0.0466666666666667,0.723333333333333
1,2,1000,0.0320594530958062,TRUE,1e-04,"ARL",FALSE,"bounded","average",485.37,75.5033333333333,0.97,1
0,10,1000,0.0320594530958062,TRUE,1e-04,"ARL",FALSE,"oracle","joint",996.456666666667,34.7033333333333,0.0633333333333333,1
0,10,1000,0.0320594530958062,TRUE,1e-04,"ARL",FALSE,"misspec","joint",Inf,1029.69387755102,0.0333333333333333,0.163333333333333
0,10,1000,0.0320594530958062,TRUE,1e-04,"ARL",FALSE,"bounded","average",1363.88333333333,366.393333333333,0.00333333333333333,1
1,10,1000,0.0320594530958062,TRUE,1e-04,"ARL",FALSE,"oracle","joint",1010.68,73.5733333333333,0.0933333333333333,1
1,10,1000,0.0320594530958062,TRUE,1e-04,"ARL",FALSE,"misspec","joint",Inf,918,0.0466666666666667,0.206666666666667
1,10,1000,0.0320594530958062,TRUE,1e-04,"ARL",FALSE,"bounded","average",461.58,158.306666666667,1,1
0,2,10,0.0378647900941465,TRUE,1e-04,"ARL",FALSE,"oracle","joint",41.58,31.58,0,1
0,2,10,0.0378647900941465,TRUE,1e-04,"ARL",FALSE,"misspec","joint",Inf,901.231833910035,0,0.963333333333333
0,2,10,0.0378647900941465,TRUE,1e-04,"ARL",FALSE,"bounded","average",150.623333333333,140.623333333333,0,1
1,2,10,0.0378647900941465,TRUE,1e-04,"ARL",FALSE,"oracle","joint",83.2533333333333,73.2533333333333,0,1
1,2,10,0.0378647900941465,TRUE,1e-04,"ARL",FALSE,"misspec","joint",Inf,834.611111111111,0.00333333333333333,0.96
1,2,10,0.0378647900941465,TRUE,1e-04,"ARL",FALSE,"bounded","average",139.983333333333,129.983333333333,0,1
0,10,10,0.0378647900941465,TRUE,1e-04,"ARL",FALSE,"oracle","joint",36.26,26.26,0,1
0,10,10,0.0378647900941465,TRUE,1e-04,"ARL",FALSE,"misspec","joint",Inf,1519.03092783505,0,0.323333333333333
0,10,10,0.0378647900941465,TRUE,1e-04,"ARL",FALSE,"bounded","average",537.08,527.08,0,1
1,10,10,0.0378647900941465,TRUE,1e-04,"ARL",FALSE,"oracle","joint",73.42,63.42,0,1
1,10,10,0.0378647900941465,TRUE,1e-04,"ARL",FALSE,"misspec","joint",Inf,1364.2578125,0.00333333333333333,0.426666666666667
1,10,10,0.0378647900941465,TRUE,1e-04,"ARL",FALSE,"bounded","average",290.66,280.66,0,1
0,2,1000,0.0378647900941465,TRUE,1e-04,"ARL",FALSE,"oracle","joint",996.053333333333,30.38,0.0733333333333333,1
0,2,1000,0.0378647900941465,TRUE,1e-04,"ARL",FALSE,"misspec","joint",Inf,687.256704980843,0.03,0.87
0,2,1000,0.0378647900941465,TRUE,1e-04,"ARL",FALSE,"bounded","average",1068.31,77.36,0.0333333333333333,1
1,2,1000,0.0378647900941465,TRUE,1e-04,"ARL",FALSE,"oracle","joint",1019.14,71.2566666666667,0.09,1
1,2,1000,0.0378647900941465,TRUE,1e-04,"ARL",FALSE,"misspec","joint",Inf,681.856603773585,0.0566666666666667,0.883333333333333
1,2,1000,0.0378647900941465,TRUE,1e-04,"ARL",FALSE,"bounded","average",482.153333333333,67.4,0.983333333333333,1
0,10,1000,0.0378647900941465,TRUE,1e-04,"ARL",FALSE,"oracle","joint",985.086666666667,24.8666666666667,0.0766666666666667,1
0,10,1000,0.0378647900941465,TRUE,1e-04,"ARL",FALSE,"misspec","joint",Inf,913.202898550725,0.0333333333333333,0.23
0,10,1000,0.0378647900941465,TRUE,1e-04,"ARL",FALSE,"bounded","average",1298.89,302.173333333333,0.00666666666666667,1
1,10,1000,0.0378647900941465,TRUE,1e-04,"ARL",FALSE,"oracle","joint",1035.21666666667,59.9833333333333,0.05,1
1,10,1000,0.0378647900941465,TRUE,1e-04,"ARL",FALSE,"misspec","joint",Inf,955.709677419355,0.0566666666666667,0.31
1,10,1000,0.0378647900941465,TRUE,1e-04,"ARL",FALSE,"bounded","average",450.34,151.056666666667,1,1
0,2,10,0.0447213595499958,TRUE,1e-04,"ARL",FALSE,"oracle","joint",32.77,22.77,0,1
0,2,10,0.0447213595499958,TRUE,1e-04,"ARL",FALSE,"misspec","joint",Inf,521.063545150502,0,0.996666666666667
0,2,10,0.0447213595499958,TRUE,1e-04,"ARL",FALSE,"bounded","average",130.083333333333,120.083333333333,0,1
1,2,10,0.0447213595499958,TRUE,1e-04,"ARL",FALSE,"oracle","joint",65.1833333333333,55.1833333333333,0,1
1,2,10,0.0447213595499958,TRUE,1e-04,"ARL",FALSE,"misspec","joint",Inf,612.181208053691,0.00666666666666667,0.993333333333333
1,2,10,0.0447213595499958,TRUE,1e-04,"ARL",FALSE,"bounded","average",121.91,111.91,0,1
0,10,10,0.0447213595499958,TRUE,1e-04,"ARL",FALSE,"oracle","joint",29.95,19.95,0,1
0,10,10,0.0447213595499958,TRUE,1e-04,"ARL",FALSE,"misspec","joint",Inf,1220.21290322581,0,0.516666666666667
0,10,10,0.0447213595499958,TRUE,1e-04,"ARL",FALSE,"bounded","average",455.866666666667,445.866666666667,0,1
1,10,10,0.0447213595499958,TRUE,1e-04,"ARL",FALSE,"oracle","joint",56.9066666666667,46.9066666666667,0,1
1,10,10,0.0447213595499958,TRUE,1e-04,"ARL",FALSE,"misspec","joint",Inf,1177.5625,0.0133333333333333,0.586666666666667
1,10,10,0.0447213595499958,TRUE,1e-04,"ARL",FALSE,"bounded","average",271.296666666667,261.296666666667,0,1
0,2,1000,0.0447213595499958,TRUE,1e-04,"ARL",FALSE,"oracle","joint",995.223333333333,22.5233333333333,0.0533333333333333,1
0,2,1000,0.0447213595499958,TRUE,1e-04,"ARL",FALSE,"misspec","joint",Inf,542.809688581315,0.0266666666666667,0.963333333333333
0,2,1000,0.0447213595499958,TRUE,1e-04,"ARL",FALSE,"bounded","average",1053.54,63.2966666666667,0.0233333333333333,1
1,2,1000,0.0447213595499958,TRUE,1e-04,"ARL",FALSE,"oracle","joint",1017.22666666667,48.9633333333333,0.06,1
1,2,1000,0.0447213595499958,TRUE,1e-04,"ARL",FALSE,"misspec","joint",Inf,562.429577464789,0.07,0.946666666666667
1,2,1000,0.0447213595499958,TRUE,1e-04,"ARL",FALSE,"bounded","average",496.3,56.8666666666667,0.98,1
0,10,1000,0.0447213595499958,TRUE,1e-04,"ARL",FALSE,"oracle","joint",991.41,20.1833333333333,0.05,1
0,10,1000,0.0447213595499958,TRUE,1e-04,"ARL",FALSE,"misspec","joint",Inf,832.756756756757,0.0166666666666667,0.37
0,10,1000,0.0447213595499958,TRUE,1e-04,"ARL",FALSE,"bounded","average",1252.12666666667,257.116666666667,0.01,1
1,10,1000,0.0447213595499958,TRUE,1e-04,"ARL",FALSE,"oracle","joint",1005.34333333333,43.44,0.0733333333333333,1
1,10,1000,0.0447213595499958,TRUE,1e-04,"ARL",FALSE,"misspec","joint",Inf,863.382352941176,0.0366666666666667,0.453333333333333
1,10,1000,0.0447213595499958,TRUE,1e-04,"ARL",FALSE,"bounded","average",439.493333333333,130.306666666667,0.996666666666667,1
0,2,10,0.05281951900505,TRUE,1e-04,"ARL",FALSE,"oracle","joint",26.72,16.72,0,1
0,2,10,0.05281951900505,TRUE,1e-04,"ARL",FALSE,"misspec","joint",276.996666666667,266.996666666667,0,1
0,2,10,0.05281951900505,TRUE,1e-04,"ARL",FALSE,"bounded","average",112.01,102.01,0,1
1,2,10,0.05281951900505,TRUE,1e-04,"ARL",FALSE,"oracle","joint",52.0333333333333,42.0333333333333,0,1
1,2,10,0.05281951900505,TRUE,1e-04,"ARL",FALSE,"misspec","joint",333.996666666667,323.996666666667,0,1
1,2,10,0.05281951900505,TRUE,1e-04,"ARL",FALSE,"bounded","average",108.42,98.42,0,1
0,10,10,0.05281951900505,TRUE,1e-04,"ARL",FALSE,"oracle","joint",25.5833333333333,15.5833333333333,0,1
0,10,10,0.05281951900505,TRUE,1e-04,"ARL",FALSE,"misspec","joint",Inf,1207.18483412322,0,0.703333333333333
0,10,10,0.05281951900505,TRUE,1e-04,"ARL",FALSE,"bounded","average",400.1,390.1,0,1
1,10,10,0.05281951900505,TRUE,1e-04,"ARL",FALSE,"oracle","joint",47.96,37.96,0,1
1,10,10,0.05281951900505,TRUE,1e-04,"ARL",FALSE,"misspec","joint",Inf,1133.28888888889,0.01,0.75
1,10,10,0.05281951900505,TRUE,1e-04,"ARL",FALSE,"bounded","average",248.083333333333,238.083333333333,0,1
0,2,1000,0.05281951900505,TRUE,1e-04,"ARL",FALSE,"oracle","joint",986.183333333333,17.1733333333333,0.0566666666666667,1
0,2,1000,0.05281951900505,TRUE,1e-04,"ARL",FALSE,"misspec","joint",1257.93,270.63,0.0133333333333333,1
0,2,1000,0.05281951900505,TRUE,1e-04,"ARL",FALSE,"bounded","average",1048.51666666667,51.9866666666667,0.0166666666666667,1
1,2,1000,0.05281951900505,TRUE,1e-04,"ARL",FALSE,"oracle","joint",1009.18,39.3066666666667,0.07,1
1,2,1000,0.05281951900505,TRUE,1e-04,"ARL",FALSE,"misspec","joint",Inf,376.587248322148,0.0366666666666667,0.993333333333333
1,2,1000,0.05281951900505,TRUE,1e-04,"ARL",FALSE,"bounded","average",505.476666666667,51.4833333333333,0.98,1
0,10,1000,0.05281951900505,TRUE,1e-04,"ARL",FALSE,"oracle","joint",994.886666666667,15.8033333333333,0.0433333333333333,1
0,10,1000,0.05281951900505,TRUE,1e-04,"ARL",FALSE,"misspec","joint",Inf,897.218934911243,0.0133333333333333,0.563333333333333
0,10,1000,0.05281951900505,TRUE,1e-04,"ARL",FALSE,"bounded","average",1216.68666666667,219.84,0.00666666666666667,1
1,10,1000,0.05281951900505,TRUE,1e-04,"ARL",FALSE,"oracle","joint",1000.44666666667,34.98,0.0766666666666667,1
1,10,1000,0.05281951900505,TRUE,1e-04,"ARL",FALSE,"misspec","joint",Inf,937.893854748603,0.04,0.596666666666667
1,10,1000,0.05281951900505,TRUE,1e-04,"ARL",FALSE,"bounded","average",458.973333333333,129.45,1,1
0,2,10,0.0623840960113455,TRUE,1e-04,"ARL",FALSE,"oracle","joint",23.4633333333333,13.4633333333333,0,1
0,2,10,0.0623840960113455,TRUE,1e-04,"ARL",FALSE,"misspec","joint",155.813333333333,145.813333333333,0,1
0,2,10,0.0623840960113455,TRUE,1e-04,"ARL",FALSE,"bounded","average",97.6633333333333,87.6633333333333,0,1
1,2,10,0.0623840960113455,TRUE,1e-04,"ARL",FALSE,"oracle","joint",40.67,30.67,0,1
1,2,10,0.0623840960113455,TRUE,1e-04,"ARL",FALSE,"misspec","joint",220.183333333333,210.183333333333,0,1
1,2,10,0.0623840960113455,TRUE,1e-04,"ARL",FALSE,"bounded","average",94.7433333333333,84.7433333333333,0,1
0,10,10,0.0623840960113455,TRUE,1e-04,"ARL",FALSE,"oracle","joint",21.3966666666667,11.3966666666667,0,1
0,10,10,0.0623840960113455,TRUE,1e-04,"ARL",FALSE,"misspec","joint",Inf,921.699275362319,0,0.92
0,10,10,0.0623840960113455,TRUE,1e-04,"ARL",FALSE,"bounded","average",345.44,335.44,0,1
1,10,10,0.0623840960113455,TRUE,1e-04,"ARL",FALSE,"oracle","joint",38.03,28.03,0,1
1,10,10,0.0623840960113455,TRUE,1e-04,"ARL",FALSE,"misspec","joint",Inf,894.395104895105,0.00666666666666667,0.953333333333333
1,10,10,0.0623840960113455,TRUE,1e-04,"ARL",FALSE,"bounded","average",230.853333333333,220.853333333333,0,1
0,2,1000,0.0623840960113455,TRUE,1e-04,"ARL",FALSE,"oracle","joint",968.81,13.0333333333333,0.0833333333333333,1
0,2,1000,0.0623840960113455,TRUE,1e-04,"ARL",FALSE,"misspec","joint",1128.64333333333,151.38,0.0333333333333333,1
0,2,1000,0.0623840960113455,TRUE,1e-04,"ARL",FALSE,"bounded","average",1034.82333333333,46.45,0.0333333333333333,1
1,2,1000,0.0623840960113455,TRUE,1e-04,"ARL",FALSE,"oracle","joint",999.14,30.61,0.0633333333333333,1
1,2,1000,0.0623840960113455,TRUE,1e-04,"ARL",FALSE,"misspec","joint",1185.59,219.733333333333,0.05,1
1,2,1000,0.0623840960113455,TRUE,1e-04,"ARL",FALSE,"bounded","average",493.39,38.6533333333333,0.98,1
0,10,1000,0.0623840960113455,TRUE,1e-04,"ARL",FALSE,"oracle","joint",980.493333333333,11.56,0.0566666666666667,1
0,10,1000,0.0623840960113455,TRUE,1e-04,"ARL",FALSE,"misspec","joint",Inf,752.540084388186,0.0166666666666667,0.79
0,10,1000,0.0623840960113455,TRUE,1e-04,"ARL",FALSE,"bounded","average",1181.94666666667,183.136666666667,0.00333333333333333,1
1,10,1000,0.0623840960113455,TRUE,1e-04,"ARL",FALSE,"oracle","joint",989.836666666667,26.78,0.0833333333333333,1
1,10,1000,0.0623840960113455,TRUE,1e-04,"ARL",FALSE,"misspec","joint",Inf,694.897119341564,0.0333333333333333,0.81
1,10,1000,0.0623840960113455,TRUE,1e-04,"ARL",FALSE,"bounded","average",446.07,120.883333333333,1,1
0,2,10,0.0736806299728077,TRUE,1e-04,"ARL",FALSE,"oracle","joint",19.83,9.83,0,1
0,2,10,0.0736806299728077,TRUE,1e-04,"ARL",FALSE,"misspec","joint",84.3133333333334,74.3133333333334,0,1
0,2,10,0.0736806299728077,TRUE,1e-04,"ARL",FALSE,"bounded","average",86.2433333333333,76.2433333333333,0,1
1,2,10,0.0736806299728077,TRUE,1e-04,"ARL",FALSE,"oracle","joint",34.5033333333333,24.5033333333333,0,1
1,2,10,0.0736806299728077,TRUE,1e-04,"ARL",FALSE,"misspec","joint",134.286666666667,124.286666666667,0,1
1,2,10,0.0736806299728077,TRUE,1e-04,"ARL",FALSE,"bounded","average",83.2333333333333,73.2333333333333,0,1
0,10,10,0.0736806299728077,TRUE,1e-04,"ARL",FALSE,"oracle","joint",18.61,8.61,0,1
0,10,10,0.0736806299728077,TRUE,1e-04,"ARL",FALSE,"misspec","joint",Inf,509.063545150502,0,0.996666666666667
0,10,10,0.0736806299728077,TRUE,1e-04,"ARL",FALSE,"bounded","average",305.806666666667,295.806666666667,0,1
1,10,10,0.0736806299728077,TRUE,1e-04,"ARL",FALSE,"oracle","joint",30.7466666666667,20.7466666666667,0,1
1,10,10,0.0736806299728077,TRUE,1e-04,"ARL",FALSE,"misspec","joint",551.64,541.64,0,1
1,10,10,0.0736806299728077,TRUE,1e-04,"ARL",FALSE,"bounded","average",212.373333333333,202.373333333333,0,1
0,2,1000,0.0736806299728077,TRUE,1e-04,"ARL",FALSE,"oracle","joint",982.3,10.2,0.0533333333333333,1
0,2,1000,0.0736806299728077,TRUE,1e-04,"ARL",FALSE,"misspec","joint",1065.65333333333,78.3166666666667,0.0233333333333333,1
0,2,1000,0.0736806299728077,TRUE,1e-04,"ARL",FALSE,"bounded","average",1034.89,37.5366666666667,0.01,1
1,2,1000,0.0736806299728077,TRUE,1e-04,"ARL",FALSE,"oracle","joint",983.913333333333,23.8066666666667,0.0766666666666667,1
1,2,1000,0.0736806299728077,TRUE,1e-04,"ARL",FALSE,"misspec","joint",1106.32333333333,119.376666666667,0.0233333333333333,1
1,2,1000,0.0736806299728077,TRUE,1e-04,"ARL",FALSE,"bounded","average",480.666666666667,38.0266666666667,0.99,1
0,10,1000,0.0736806299728077,TRUE,1e-04,"ARL",FALSE,"oracle","joint",990.48,9.09333333333333,0.0366666666666667,1
0,10,1000,0.0736806299728077,TRUE,1e-04,"ARL",FALSE,"misspec","joint",Inf,461.030821917808,0.0166666666666667,0.973333333333333
0,10,1000,0.0736806299728077,TRUE,1e-04,"ARL",FALSE,"bounded","average",1151.09666666667,151.096666666667,0,1
1,10,1000,0.0736806299728077,TRUE,1e-04,"ARL",FALSE,"oracle","joint",995.893333333333,20.3766666666667,0.0533333333333333,1
1,10,1000,0.0736806299728077,TRUE,1e-04,"ARL",FALSE,"misspec","joint",Inf,469.840136054422,0.04,0.98
1,10,1000,0.0736806299728077,TRUE,1e-04,"ARL",FALSE,"bounded","average",435.306666666667,100.153333333333,1,1
0,2,10,0.0870227442616544,TRUE,1e-04,"ARL",FALSE,"oracle","joint",17.5333333333333,7.53333333333333,0,1
0,2,10,0.0870227442616544,TRUE,1e-04,"ARL",FALSE,"misspec","joint",45.8866666666667,35.8866666666667,0,1
0,2,10,0.0870227442616544,TRUE,1e-04,"ARL",FALSE,"bounded","average",75.9166666666667,65.9166666666667,0,1
1,2,10,0.0870227442616544,TRUE,1e-04,"ARL",FALSE,"oracle","joint",27.12,17.12,0,1
1,2,10,0.0870227442616544,TRUE,1e-04,"ARL",FALSE,"misspec","joint",76.04,66.1033333333333,0.00333333333333333,1
1,2,10,0.0870227442616544,TRUE,1e-04,"ARL",FALSE,"bounded","average",73.5033333333333,63.5033333333333,0,1
0,10,10,0.0870227442616544,TRUE,1e-04,"ARL",FALSE,"oracle","joint",16.58,6.58,0,1
0,10,10,0.0870227442616544,TRUE,1e-04,"ARL",FALSE,"misspec","joint",198.303333333333,188.303333333333,0,1
0,10,10,0.0870227442616544,TRUE,1e-04,"ARL",FALSE,"bounded","average",259.39,249.39,0,1
1,10,10,0.0870227442616544,TRUE,1e-04,"ARL",FALSE,"oracle","joint",25.11,15.11,0,1
1,10,10,0.0870227442616544,TRUE,1e-04,"ARL",FALSE,"misspec","joint",241.176666666667,234.2,0.02,1
1,10,10,0.0870227442616544,TRUE,1e-04,"ARL",FALSE,"bounded","average",193.42,183.42,0,1
0,2,1000,0.0870227442616544,TRUE,1e-04,"ARL",FALSE,"oracle","joint",990.7,7.94666666666667,0.0366666666666667,1
0,2,1000,0.0870227442616544,TRUE,1e-04,"ARL",FALSE,"misspec","joint",1028.71333333333,38.91,0.02,1
0,2,1000,0.0870227442616544,TRUE,1e-04,"ARL",FALSE,"bounded","average",1021.88666666667,32.2733333333333,0.0433333333333333,1
1,2,1000,0.0870227442616544,TRUE,1e-04,"ARL",FALSE,"oracle","joint",993.1,18.3033333333333,0.0466666666666667,1
1,2,1000,0.0870227442616544,TRUE,1e-04,"ARL",FALSE,"misspec","joint",1033.88,63.7566666666667,0.0533333333333333,1
1,2,1000,0.0870227442616544,TRUE,1e-04,"ARL",FALSE,"bounded","average",484.17,29.5133333333333,0.976666666666667,1
0,10,1000,0.0870227442616544,TRUE,1e-04,"ARL",FALSE,"oracle","joint",991.98,6.62333333333333,0.0333333333333333,1
0,10,1000,0.0870227442616544,TRUE,1e-04,"ARL",FALSE,"misspec","joint",1161.59333333333,182.646666666667,0.0266666666666667,1
0,10,1000,0.0870227442616544,TRUE,1e-04,"ARL",FALSE,"bounded","average",1122.98,129.133333333333,0.0166666666666667,1
1,10,1000,0.0870227442616544,TRUE,1e-04,"ARL",FALSE,"oracle","joint",985.816666666667,14.6633333333333,0.0633333333333333,1
1,10,1000,0.0870227442616544,TRUE,1e-04,"ARL",FALSE,"misspec","joint",1199.51666666667,230.156666666667,0.0366666666666667,1
1,10,1000,0.0870227442616544,TRUE,1e-04,"ARL",FALSE,"bounded","average",449.886666666667,89.0766666666667,0.996666666666667,1
0,2,10,0.102780853280219,TRUE,1e-04,"ARL",FALSE,"oracle","joint",15.7533333333333,5.75333333333333,0,1
0,2,10,0.102780853280219,TRUE,1e-04,"ARL",FALSE,"misspec","joint",31.1366666666667,21.1366666666667,0,1
0,2,10,0.102780853280219,TRUE,1e-04,"ARL",FALSE,"bounded","average",66.7266666666667,56.7266666666667,0,1
1,2,10,0.102780853280219,TRUE,1e-04,"ARL",FALSE,"oracle","joint",22.7433333333333,12.7433333333333,0,1
1,2,10,0.102780853280219,TRUE,1e-04,"ARL",FALSE,"misspec","joint",46.6133333333333,37.11,0.00666666666666667,1
1,2,10,0.102780853280219,TRUE,1e-04,"ARL",FALSE,"bounded","average",66.0233333333333,56.0233333333333,0,1
0,10,10,0.102780853280219,TRUE,1e-04,"ARL",FALSE,"oracle","joint",15.1766666666667,5.17666666666667,0,1
0,10,10,0.102780853280219,TRUE,1e-04,"ARL",FALSE,"misspec","joint",79.5366666666667,69.5366666666667,0,1
0,10,10,0.102780853280219,TRUE,1e-04,"ARL",FALSE,"bounded","average",229.986666666667,219.986666666667,0,1
1,10,10,0.102780853280219,TRUE,1e-04,"ARL",FALSE,"oracle","joint",21.7266666666667,11.7266666666667,0,1
1,10,10,0.102780853280219,TRUE,1e-04,"ARL",FALSE,"misspec","joint",107.073333333333,98.88,0.01,1
1,10,10,0.102780853280219,TRUE,1e-04,"ARL",FALSE,"bounded","average",175.063333333333,165.063333333333,0,1
0,2,1000,0.102780853280219,TRUE,1e-04,"ARL",FALSE,"oracle","joint",990.293333333333,6.08666666666667,0.0266666666666667,1
0,2,1000,0.102780853280219,TRUE,1e-04,"ARL",FALSE,"misspec","joint",1018.01666666667,21.6266666666667,0.00666666666666667,1
0,2,1000,0.102780853280219,TRUE,1e-04,"ARL",FALSE,"bounded","average",1021.34666666667,27.11,0.0166666666666667,1
1,2,1000,0.102780853280219,TRUE,1e-04,"ARL",FALSE,"oracle","joint",977.536666666667,13.9366666666667,0.0633333333333333,1
1,2,1000,0.102780853280219,TRUE,1e-04,"ARL",FALSE,"misspec","joint",1013.18,40.2666666666667,0.0533333333333333,1
1,2,1000,0.102780853280219,TRUE,1e-04,"ARL",FALSE,"bounded","average",488.656666666667,28.0233333333333,0.986666666666667,1
0,10,1000,0.102780853280219,TRUE,1e-04,"ARL",FALSE,"oracle","joint",996.77,5.23,0.0233333333333333,1
0,10,1000,0.102780853280219,TRUE,1e-04,"ARL",FALSE,"misspec","joint",1055.79,63.0933333333333,0.0133333333333333,1
0,10,1000,0.102780853280219,TRUE,1e-04,"ARL",FALSE,"bounded","average",1104.33,107.02,0.01,1
1,10,1000,0.102780853280219,TRUE,1e-04,"ARL",FALSE,"oracle","joint",987.693333333333,11.8133333333333,0.04,1
1,10,1000,0.102780853280219,TRUE,1e-04,"ARL",FALSE,"misspec","joint",1066.66666666667,94.4133333333333,0.04,1
1,10,1000,0.102780853280219,TRUE,1e-04,"ARL",FALSE,"bounded","average",446.58,81.3833333333333,1,1
0,2,10,0.121392446200583,TRUE,1e-04,"ARL",FALSE,"oracle","joint",14.5166666666667,4.51666666666667,0,1
0,2,10,0.121392446200583,TRUE,1e-04,"ARL",FALSE,"misspec","joint",20.8466666666667,10.8466666666667,0,1
0,2,10,0.121392446200583,TRUE,1e-04,"ARL",FALSE,"bounded","average",59.48,49.48,0,1
1,2,10,0.121392446200583,TRUE,1e-04,"ARL",FALSE,"oracle","joint",19.9166666666667,9.91666666666667,0,1
1,2,10,0.121392446200583,TRUE,1e-04,"ARL",FALSE,"misspec","joint",33.6933333333333,23.82,0.00333333333333333,1
1,2,10,0.121392446200583,TRUE,1e-04,"ARL",FALSE,"bounded","average",58.6466666666667,48.6466666666667,0,1
0,10,10,0.121392446200583,TRUE,1e-04,"ARL",FALSE,"oracle","joint",13.9266666666667,3.92666666666667,0,1
0,10,10,0.121392446200583,TRUE,1e-04,"ARL",FALSE,"misspec","joint",34.9233333333333,24.9233333333333,0,1
0,10,10,0.121392446200583,TRUE,1e-04,"ARL",FALSE,"bounded","average",200.423333333333,190.423333333333,0,1
1,10,10,0.121392446200583,TRUE,1e-04,"ARL",FALSE,"oracle","joint",18.5566666666667,8.55666666666667,0,1
1,10,10,0.121392446200583,TRUE,1e-04,"ARL",FALSE,"misspec","joint",47.9,38.93,0.0166666666666667,1
1,10,10,0.121392446200583,TRUE,1e-04,"ARL",FALSE,"bounded","average",158.816666666667,148.816666666667,0,1
0,2,1000,0.121392446200583,TRUE,1e-04,"ARL",FALSE,"oracle","joint",992.3,4.48,0.03,1
0,2,1000,0.121392446200583,TRUE,1e-04,"ARL",FALSE,"misspec","joint",1004.12,10.3766666666667,0.0166666666666667,1
0,2,1000,0.121392446200583,TRUE,1e-04,"ARL",FALSE,"bounded","average",1008.58,23.3033333333333,0.0333333333333333,1
1,2,1000,0.121392446200583,TRUE,1e-04,"ARL",FALSE,"oracle","joint",999.18,10.09,0.03,1
1,2,1000,0.121392446200583,TRUE,1e-04,"ARL",FALSE,"misspec","joint",998.066666666667,21.78,0.0333333333333333,1
1,2,1000,0.121392446200583,TRUE,1e-04,"ARL",FALSE,"bounded","average",502.73,22.6333333333333,0.986666666666667,1
0,10,1000,0.121392446200583,TRUE,1e-04,"ARL",FALSE,"oracle","joint",988.773333333333,3.90666666666667,0.0233333333333333,1
0,10,1000,0.121392446200583,TRUE,1e-04,"ARL",FALSE,"misspec","joint",1022.2,27.34,0.01,1
0,10,1000,0.121392446200583,TRUE,1e-04,"ARL",FALSE,"bounded","average",1085.06666666667,89.2166666666667,0.01,1
1,10,1000,0.121392446200583,TRUE,1e-04,"ARL",FALSE,"oracle","joint",990.99,8.77666666666667,0.04,1
1,10,1000,0.121392446200583,TRUE,1e-04,"ARL",FALSE,"misspec","joint",1010.56333333333,41.35,0.0433333333333333,1
1,10,1000,0.121392446200583,TRUE,1e-04,"ARL",FALSE,"bounded","average",446.223333333333,76.12,1,1
0,2,10,0.143374232887377,TRUE,1e-04,"ARL",FALSE,"oracle","joint",13.54,3.54,0,1
0,2,10,0.143374232887377,TRUE,1e-04,"ARL",FALSE,"misspec","joint",17.2333333333333,7.23333333333333,0,1
0,2,10,0.143374232887377,TRUE,1e-04,"ARL",FALSE,"bounded","average",52.64,42.64,0,1
1,2,10,0.143374232887377,TRUE,1e-04,"ARL",FALSE,"oracle","joint",17.8433333333333,7.84333333333333,0,1
1,2,10,0.143374232887377,TRUE,1e-04,"ARL",FALSE,"misspec","joint",26.1333333333333,16.1333333333333,0,1
1,2,10,0.143374232887377,TRUE,1e-04,"ARL",FALSE,"bounded","average",52.58,42.58,0,1
0,10,10,0.143374232887377,TRUE,1e-04,"ARL",FALSE,"oracle","joint",13.0666666666667,3.06666666666667,0,1
0,10,10,0.143374232887377,TRUE,1e-04,"ARL",FALSE,"misspec","joint",20.85,10.85,0,1
0,10,10,0.143374232887377,TRUE,1e-04,"ARL",FALSE,"bounded","average",173.73,163.73,0,1
1,10,10,0.143374232887377,TRUE,1e-04,"ARL",FALSE,"oracle","joint",16.7366666666667,6.73666666666667,0,1
1,10,10,0.143374232887377,TRUE,1e-04,"ARL",FALSE,"misspec","joint",31.8733333333333,21.97,0.00333333333333333,1
1,10,10,0.143374232887377,TRUE,1e-04,"ARL",FALSE,"bounded","average",143.383333333333,133.383333333333,0,1
0,2,1000,0.143374232887377,TRUE,1e-04,"ARL",FALSE,"oracle","joint",1003.44666666667,3.44666666666667,0,1
0,2,1000,0.143374232887377,TRUE,1e-04,"ARL",FALSE,"misspec","joint",995.726666666667,7.01,0.0266666666666667,1
0,2,1000,0.143374232887377,TRUE,1e-04,"ARL",FALSE,"bounded","average",1012.68666666667,20.5633333333333,0.0333333333333333,1
1,2,1000,0.143374232887377,TRUE,1e-04,"ARL",FALSE,"oracle","joint",984.463333333333,7.58666666666667,0.04,1
1,2,1000,0.143374232887377,TRUE,1e-04,"ARL",FALSE,"misspec","joint",985.113333333333,14.07,0.0466666666666667,1
1,2,1000,0.143374232887377,TRUE,1e-04,"ARL",FALSE,"bounded","average",489.41,19.3633333333333,0.98,1
0,10,1000,0.143374232887377,TRUE,1e-04,"ARL",FALSE,"oracle","joint",993.626666666667,2.98,0.0166666666666667,1
0,10,1000,0.143374232887377,TRUE,1e-04,"ARL",FALSE,"misspec","joint",998.47,11.5666666666667,0.0266666666666667,1
0,10,1000,0.143374232887377,TRUE,1e-04,"ARL",FALSE,"bounded","average",1076.52333333333,77.4166666666667,0.00333333333333333,1
1,10,1000,0.143374232887377,TRUE,1e-04,"ARL",FALSE,"oracle","joint",982.883333333333,6.72333333333333,0.04,1
1,10,1000,0.143374232887377,TRUE,1e-04,"ARL",FALSE,"misspec","joint",1001.81333333333,20.7833333333333,0.0233333333333333,1
1,10,1000,0.143374232887377,TRUE,1e-04,"ARL",FALSE,"bounded","average",446.263333333333,63.26,1,1
0,2,10,0.169336489208544,TRUE,1e-04,"ARL",FALSE,"oracle","joint",12.7033333333333,2.70333333333333,0,1
0,2,10,0.169336489208544,TRUE,1e-04,"ARL",FALSE,"misspec","joint",14.4,4.4,0,1
0,2,10,0.169336489208544,TRUE,1e-04,"ARL",FALSE,"bounded","average",46.8633333333333,36.8633333333333,0,1
1,2,10,0.169336489208544,TRUE,1e-04,"ARL",FALSE,"oracle","joint",16.0066666666667,6.00666666666667,0,1
1,2,10,0.169336489208544,TRUE,1e-04,"ARL",FALSE,"misspec","joint",19.1066666666667,9.15,0.00333333333333333,1
1,2,10,0.169336489208544,TRUE,1e-04,"ARL",FALSE,"bounded","average",47.1166666666667,37.1166666666667,0,1
0,10,10,0.169336489208544,TRUE,1e-04,"ARL",FALSE,"oracle","joint",12.3433333333333,2.34333333333333,0,1
0,10,10,0.169336489208544,TRUE,1e-04,"ARL",FALSE,"misspec","joint",15.5733333333333,5.57333333333333,0,1
0,10,10,0.169336489208544,TRUE,1e-04,"ARL",FALSE,"bounded","average",151.136666666667,141.136666666667,0,1
1,10,10,0.169336489208544,TRUE,1e-04,"ARL",FALSE,"oracle","joint",15.28,5.28,0,1
1,10,10,0.169336489208544,TRUE,1e-04,"ARL",FALSE,"misspec","joint",21.6933333333333,11.8533333333333,0.00666666666666667,1
1,10,10,0.169336489208544,TRUE,1e-04,"ARL",FALSE,"bounded","average",128.463333333333,118.463333333333,0,1
0,2,1000,0.169336489208544,TRUE,1e-04,"ARL",FALSE,"oracle","joint",992.306666666667,2.68,0.0233333333333333,1
0,2,1000,0.169336489208544,TRUE,1e-04,"ARL",FALSE,"misspec","joint",998.496666666667,4.33333333333333,0.0166666666666667,1
0,2,1000,0.169336489208544,TRUE,1e-04,"ARL",FALSE,"bounded","average",1010.57666666667,17.5433333333333,0.03,1
1,2,1000,0.169336489208544,TRUE,1e-04,"ARL",FALSE,"oracle","joint",997.343333333333,6.4,0.0233333333333333,1
1,2,1000,0.169336489208544,TRUE,1e-04,"ARL",FALSE,"misspec","joint",996.82,9.14666666666667,0.03,1
1,2,1000,0.169336489208544,TRUE,1e-04,"ARL",FALSE,"bounded","average",490.033333333333,16.15,0.983333333333333,1
0,10,1000,0.169336489208544,TRUE,1e-04,"ARL",FALSE,"oracle","joint",997.153333333333,2.33333333333333,0.01,1
0,10,1000,0.169336489208544,TRUE,1e-04,"ARL",FALSE,"misspec","joint",999.47,5.50666666666667,0.01,1
0,10,1000,0.169336489208544,TRUE,1e-04,"ARL",FALSE,"bounded","average",1065.04666666667,66.17,0.00666666666666667,1
1,10,1000,0.169336489208544,TRUE,1e-04,"ARL",FALSE,"oracle","joint",991.823333333333,5.31333333333333,0.0366666666666667,1
1,10,1000,0.169336489208544,TRUE,1e-04,"ARL",FALSE,"misspec","joint",992.76,12.2766666666667,0.03,1
1,10,1000,0.169336489208544,TRUE,1e-04,"ARL",FALSE,"bounded","average",452.986666666667,59.7,1,1
0,2,10,0.2,TRUE,1e-04,"ARL",FALSE,"oracle","joint",12.1333333333333,2.13333333333333,0,1
0,2,10,0.2,TRUE,1e-04,"ARL",FALSE,"misspec","joint",12.99,2.99,0,1
0,2,10,0.2,TRUE,1e-04,"ARL",FALSE,"bounded","average",42.7,32.7,0,1
1,2,10,0.2,TRUE,1e-04,"ARL",FALSE,"oracle","joint",14.6166666666667,4.61666666666667,0,1
1,2,10,0.2,TRUE,1e-04,"ARL",FALSE,"misspec","joint",16.3266666666667,6.36666666666667,0.00333333333333333,1
1,2,10,0.2,TRUE,1e-04,"ARL",FALSE,"bounded","average",42.5333333333333,32.5333333333333,0,1
0,10,10,0.2,TRUE,1e-04,"ARL",FALSE,"oracle","joint",11.9133333333333,1.91333333333333,0,1
0,10,10,0.2,TRUE,1e-04,"ARL",FALSE,"misspec","joint",13.33,3.33,0,1
0,10,10,0.2,TRUE,1e-04,"ARL",FALSE,"bounded","average",132.483333333333,122.483333333333,0,1
1,10,10,0.2,TRUE,1e-04,"ARL",FALSE,"oracle","joint",14.0033333333333,4.00333333333333,0,1
1,10,10,0.2,TRUE,1e-04,"ARL",FALSE,"misspec","joint",16.4433333333333,6.7,0.0166666666666667,1
1,10,10,0.2,TRUE,1e-04,"ARL",FALSE,"bounded","average",115.026666666667,105.026666666667,0,1
0,2,1000,0.2,TRUE,1e-04,"ARL",FALSE,"oracle","joint",993.566666666667,2.1,0.02,1
0,2,1000,0.2,TRUE,1e-04,"ARL",FALSE,"misspec","joint",1000.33,2.98666666666667,0.0133333333333333,1
0,2,1000,0.2,TRUE,1e-04,"ARL",FALSE,"bounded","average",1012.85333333333,15.24,0.01,1
1,2,1000,0.2,TRUE,1e-04,"ARL",FALSE,"oracle","joint",987.41,4.50666666666667,0.0333333333333333,1
1,2,1000,0.2,TRUE,1e-04,"ARL",FALSE,"misspec","joint",983.193333333333,6.27666666666667,0.03,1
1,2,1000,0.2,TRUE,1e-04,"ARL",FALSE,"bounded","average",487.36,14.5933333333333,0.986666666666667,1
0,10,1000,0.2,TRUE,1e-04,"ARL",FALSE,"oracle","joint",997.596666666667,1.90333333333333,0.01,1
0,10,1000,0.2,TRUE,1e-04,"ARL",FALSE,"misspec","joint",1001.25666666667,3.41333333333333,0.00333333333333333,1
0,10,1000,0.2,TRUE,1e-04,"ARL",FALSE,"bounded","average",1055.06,56.6166666666667,0.00333333333333333,1
1,10,1000,0.2,TRUE,1e-04,"ARL",FALSE,"oracle","joint",993.79,3.94666666666667,0.02,1
1,10,1000,0.2,TRUE,1e-04,"ARL",FALSE,"misspec","joint",963.81,6.88333333333333,0.0466666666666667,1
1,10,1000,0.2,TRUE,1e-04,"ARL",FALSE,"bounded","average",445.286666666667,48.7466666666667,1,1
